cve_id,title,description,faq,severity,severity_value,cvss_base_score,cvss_temporal_score,cvss_vector,exploit_status,exploit_status_raw,impact_type,affected_products,affected_product_ids,affected_product_count,kb_articles,superceded_by,restart_required,acknowledged_researchers,release_date,patch_tuesday_title,parsed_timestamp
CVE-2025-47989,Arc Enabled Servers - Azure Connected Machine Agent Elevation of Privilege Vulnerability,,"<p><strong>According to the CVSS metric, the attack complexity is high (AC:H). What does that mean for this vulnerability?</strong></p>
<p>Successful exploitation of this vulnerability requires the attacker to invest in some measurable amount of effort in preparation or execution against the vulnerable component before a successful attack can be expected.</p>
",Important,3,7.0,6.1,CVSS:3.1/AV:L/AC:H/PR:L/UI:N/S:U/C:H/I:H/A:H/E:U/RL:O/RC:C,exploitation_unlikely,Publicly Disclosed:No;Exploited:No;Latest Software Release:Exploitation Unlikely,Elevation of Privilege,,,0,Release Notes; Release Notes,,No,"{'Value': 'Sharan Patil with <a href=""https://consulting.withsecure.com/"">WithSecure Consulting</a>'}",2025-10-31T07:00:59,October 2025 Security Updates,2025-11-15T18:34:29.907397
CVE-2025-0033,AMD CVE-2025-0033: RMP Corruption During SNP Initialization,,"<p><strong>When will an update be available to address this vulnerability?</strong></p>
<p>Updates to mitigate this vulnerability in Azure Confidential Computing's (ACC) AMD-based clusters are being developed but are not yet complete. Once complete, the updates with be deployed across all AMD-based infrastructure and customers will be notified via <a href=""http://https://docs.azure.cn/en-us/service-health/service-health-portal-update"">Azure Service Health Alerts </a> if they are required to reboot their ACC resources. The Security Updates table for this CVE will be updated immediately upon availability of the mitigated versions for any affected ACC product SKUs.</p>
<p>Additionally, customers who have <a href=""http://https://www.microsoft.com/en-us/msrc/technical-security-notifications?rtc=1"">subscribed</a> to the Security Update Guide will be notified when this CVE is revised to indicate updates are available. If you wish to be notified when these updates are released, we recommend that you register for the security notifications mailer to be alerted of content changes to this CVE.</p>
",Critical,4,8.2,7.1,CVSS:3.1/AV:L/AC:L/PR:H/UI:N/S:C/C:H/I:H/A:H/E:U/RL:O/RC:C,exploitation_less_likely,Publicly Disclosed:Yes;Exploited:No;Latest Software Release:Exploitation Less Likely,Remote Code Execution,,,0,,,Unknown,"{'Value': 'Benedict Schlueter, Supraja Sridhara, and Shweta Shinde from ETH Zurich'}",2025-10-31T07:00:59,October 2025 Security Updates,2025-11-15T18:34:29.907457
CVE-2025-48004,Microsoft Brokering File System Elevation of Privilege Vulnerability,,"<p><strong>What privileges could be gained by an attacker who successfully exploited this vulnerability?</strong></p>
<p>An attacker who successfully exploited this vulnerability could gain SYSTEM privileges.</p>
",Important,3,7.4,6.4,CVSS:3.1/AV:L/AC:H/PR:N/UI:N/S:U/C:H/I:H/A:H/E:U/RL:O/RC:C,exploitation_more_likely,Publicly Disclosed:No;Exploited:No;Latest Software Release:Exploitation More Likely,Elevation of Privilege,,,0,5066835; 5066793; 5066835; 5066793; 5066780,5065431; 5065426; 5065431; 5065425,Yes,"{'Value': 'hazard'}; {'Value': ' \nBryan Gonzalez, Ocelot Team @ Metabase Q '}",2025-10-31T07:00:59,October 2025 Security Updates,2025-11-15T18:34:29.907513
CVE-2025-50174,Windows Device Association Broker Service Elevation of Privilege Vulnerability,,"<p><strong>What privileges could be gained by an attacker who successfully exploited the vulnerability?</strong></p>
<p>An attacker could use this vulnerability to elevate privileges from Medium Integrity Level to Local Service.</p>
",Important,3,7.0,6.1,CVSS:3.1/AV:L/AC:H/PR:L/UI:N/S:U/C:H/I:H/A:H/E:U/RL:O/RC:C,exploitation_less_likely,Publicly Disclosed:No;Exploited:No;Latest Software Release:Exploitation Less Likely,Elevation of Privilege,,,0,5066835; 5066835,5065426,Yes,"{'Value': '<a href=""https://linkedin.com/in/jongseongkim"">Jongseong Kim (nevul37)</a> with <a href=""https://www.enki.co.kr/"">Ajou University, and working at ENKI WhiteHat</a>'}; {'Value': '<a href=""https://linkedin.com/in/kdj-abysslab"">Dongjun Kim (smlijun)</a> with <a href=""https://www.enki.co.kr/"">Ajou University, and working at ENKI WhiteHat</a>'}; {'Value': 'Anonymous'}",2025-10-31T07:00:59,October 2025 Security Updates,2025-11-15T18:34:29.907525
CVE-2025-53782,Microsoft Exchange Server Elevation of Privilege Vulnerability,,"<p><strong>What privileges could be gained by an attacker who successfully exploited the vulnerability?</strong></p>
<p>The attacker would be able to take over the mailboxes of all Exchange users, read emails, download attachments.</p>
",Important,3,8.4,7.3,CVSS:3.1/AV:L/AC:L/PR:N/UI:N/S:U/C:H/I:H/A:H/E:U/RL:O/RC:C,exploitation_less_likely,Publicly Disclosed:No;Exploited:No;Latest Software Release:Exploitation Less Likely,Elevation of Privilege,,,0,5066367; 5066368; 5066366; 5066369,5063221; 5063222; 5063224; 5063223,Yes,"{'Value': '<a href=""https://github.com/zcgonvh"">zcgonvh&#39;s cat Vanilla</a>'}",2025-10-31T07:00:59,October 2025 Security Updates,2025-11-15T18:34:29.907540
CVE-2025-55315,ASP.NET Security Feature Bypass Vulnerability,,"<p><strong>This vulnerability is rated as an Important, Security Feature Bypass that is less likely to be exploited. Why is the CVSS score 9.9 out of 10?</strong></p>
<p>ASP.NET Core is a framework. CVSS scores applications. This mismatch makes scoring ASP.NET challenging. In situations like this, it is Microsoft's standard practice to score the worst possible case scenario for any application written using ASP.NET Core. &quot;Exploitation less likely&quot; refers to a more typical application which doesn't go outside the typical ASP.NET Core uses.</p>
<p>The vulnerability in ASP.NET Core allows HTTP request smuggling. This is a security feature bypass that can affect how your application enforces authentication, authorization, and other critical security checks. The vulnerability allows attackers to craft a request that hides another request inside it. Depending on how your app processes requests, this could lead to:</p>
<ul>
<li>Elevation of privilege (EOP) — impersonating another user</li>
<li>Server-side request forgery (SSRF) — making internal requests</li>
<li>Cross-site request forgery (CSRF) bypass</li>
<li>Injection attacks — bypassing input validation</li>
</ul>
<p>These are serious risks, especially for applications handling sensitive data or operating in regulated environments.</p>
<p>While not every app is vulnerable, the scoring reflects the worst-case scenario—a standard practice in CVSS to ensure customers take action.</p>
",Important,3,9.9,8.6,CVSS:3.1/AV:N/AC:L/PR:L/UI:N/S:C/C:H/I:H/A:L/E:U/RL:O/RC:C,exploitation_less_likely,Publicly Disclosed:No;Exploited:No;Latest Software Release:Exploitation Less Likely,Security Feature Bypass,,,0,5068331; 5068332; Release Notes; Release Notes; Release Notes; Release Notes,,Maybe,{'Value': 'Sid'},2025-10-31T07:00:59,October 2025 Security Updates,2025-11-15T18:34:29.907553
CVE-2025-24990,Windows Agere Modem Driver Elevation of Privilege Vulnerability,,"<p><strong>Is the vulnerability only exploitable if the Agere Modem is actively being used?</strong></p>
<p>No. All supported versions of Windows can be affected by a successful exploitation of this vulnerability, even if the modem is not actively being used.</p>
",Important,3,7.8,7.2,CVSS:3.1/AV:L/AC:L/PR:L/UI:N/S:U/C:H/I:H/A:H/E:F/RL:O/RC:C,exploitation_detected,Publicly Disclosed:No;Exploited:Yes;Latest Software Release:Exploitation Detected,Elevation of Privilege,,,0,5066835; 5066586; 5066782; 5066791; 5066793; 5066791; 5066835; 5066793; 5066780; 5066837; 5066836; 5066874; 5066877; 5066872; 5066876; 5066875; 5066873,5065428; 5065432; 5065429; 5065431; 5065429; 5065426; 5065431; 5065425; 5065430; 5065427; 5065508; 5065468; 5065509; 5065507,Yes,"{'Value': '<a href=""https://x.com/shitsecure"">Fabian Mosch</a> with <a href=""https://www.r-tec.net/"">r-tec IT Security GmbH</a>\n<a href=""https://x.com/0xLegacyy"">Jordan Jay </a>\n'}; {'Value': 'Anonymous'}; {'Value': 'MSTIC'}; {'Value': 'MSTIC'}; {'Value': '<a href=""https://x.com/shitsecure"">Fabian Mosch</a> with <a href=""https://www.r-tec.net/"">r-tec IT Security GmbH</a>\n<a href=""https://x.com/0xLegacyy"">Jordan Jay </a>\n'}",2025-10-31T07:00:59,October 2025 Security Updates,2025-11-15T18:34:29.907609
CVE-2025-24052,Windows Agere Modem Driver Elevation of Privilege Vulnerability,,"<p><strong>Is the vulnerability only exploitable if the Agere Modem is actively being used?</strong></p>
<p>No. All supported versions of Windows can be affected by a successful exploitation of this vulnerability, even if the modem is not actively being used.</p>
",Important,3,7.8,7.0,CVSS:3.1/AV:L/AC:L/PR:L/UI:N/S:U/C:H/I:H/A:H/E:P/RL:O/RC:C,exploitation_more_likely,Publicly Disclosed:Yes;Exploited:No;Latest Software Release:Exploitation More Likely,Elevation of Privilege,,,0,5066835; 5066586; 5066782; 5066791; 5066793; 5066791; 5066835; 5066793; 5066780; 5066837; 5066836; 5066874; 5066877; 5066872; 5066876; 5066875; 5066873,5065428; 5065432; 5065429; 5065431; 5065429; 5065426; 5065431; 5065425; 5065430; 5065427; 5065508; 5065468; 5065509; 5065507,Yes,{'Value': 'Anonymous'},2025-10-31T07:00:59,October 2025 Security Updates,2025-11-15T18:34:29.907674
CVE-2025-55320,Configuration Manager Elevation of Privilege Vulnerability,,"<p><strong>According to the CVSS score, the attack vector is adjacent (AV:A). What does this mean for this vulnerability?</strong></p>
<p>This attack is limited to systems connected to the same network segment as the attacker. The attack cannot be performed across multiple networks (for example, a WAN) and would be limited to systems on the same network switch or virtual network.</p>
",Important,3,6.8,5.9,CVSS:3.1/AV:A/AC:L/PR:H/UI:N/S:U/C:H/I:H/A:H/E:U/RL:O/RC:C,exploitation_less_likely,Publicly Disclosed:No;Exploited:No;Latest Software Release:Exploitation Less Likely,Elevation of Privilege,,,0,Release Notes; Release Notes; Release Notes,,Maybe,"{'Value': '<a href=""https://x.com/kalimer0x00"">Mehdi Elyassa</a> with <a href=""https://www.synacktiv.com/"">Synacktiv</a>'}; {'Value': '<a href=""https://x.com/kalimer0x00"">Mehdi Elyassa</a> with <a href=""https://www.synacktiv.com/"">Synacktiv</a>'}",2025-10-31T07:00:59,October 2025 Security Updates,2025-11-15T18:34:29.907725
CVE-2025-55325,Windows Storage Management Provider Information Disclosure Vulnerability,,"<p><strong>What type of information could be disclosed by this vulnerability?</strong></p>
<p>An attacker who successfully exploited this vulnerability could potentially read small portions of heap memory.</p>
",Important,3,5.5,4.8,CVSS:3.1/AV:L/AC:L/PR:L/UI:N/S:U/C:H/I:N/A:N/E:U/RL:O/RC:C,exploitation_less_likely,Publicly Disclosed:No;Exploited:No;Latest Software Release:Exploitation Less Likely,Information Disclosure,,,0,5066835; 5066586; 5066782; 5066791; 5066793; 5066791; 5066835; 5066793; 5066780; 5066837; 5066836,5065428; 5065432; 5065429; 5065431; 5065429; 5065426; 5065431; 5065425; 5065430; 5065427,Yes,"{'Value': 'nerty_nerty(Ingyu Yang), Mukyoung Kwak, Seongheun Hong, Jaeseok Bae, Jiwon Jang, Seoyun Cho with Best of the Best 13th Team MSRC Gasan'}; {'Value': '<a href=""https://x.com/hpy_insu"">insu</a> with Theori'}; {'Value': 'Anonymous'}",2025-10-31T07:00:59,October 2025 Security Updates,2025-11-15T18:34:29.907748
CVE-2025-55333,Windows BitLocker Security Feature Bypass Vulnerability,,"<p><strong>What kind of security feature could be bypassed by successfully exploiting this vulnerability?</strong></p>
<p>A successful attacker could bypass the BitLocker Device Encryption feature on the system storage device. An attacker with physical access to the target could exploit this vulnerability to gain access to encrypted data.</p>
",Important,3,6.1,5.3,CVSS:3.1/AV:P/AC:L/PR:N/UI:N/S:U/C:H/I:H/A:N/E:U/RL:O/RC:C,exploitation_less_likely,Publicly Disclosed:No;Exploited:No;Latest Software Release:Exploitation Less Likely,Security Feature Bypass,,,0,5066835; 5066586; 5066782; 5066791; 5066793; 5066791; 5066835; 5066793; 5066780; 5066837; 5066836,5065428; 5065432; 5065429; 5065431; 5065429; 5065426; 5065431; 5065425; 5065430; 5065427,Yes,"{'Value': '<a href=""https://x.com/alon_leviev"">Alon Leviev</a> with Microsoft (STORM)'}; {'Value': '<a href=""https://x.com/alon_leviev"">Alon Leviev</a> with Microsoft (STORM)'}",2025-10-31T07:00:59,October 2025 Security Updates,2025-11-15T18:34:29.907769
CVE-2025-55335,Windows NTFS Elevation of Privilege Vulnerability,,"<p><strong>What privileges could be gained by an attacker who successfully exploited this vulnerability?</strong></p>
<p>An attacker who successfully exploited this vulnerability could gain SYSTEM privileges.</p>
",Important,3,7.4,6.4,CVSS:3.1/AV:L/AC:H/PR:N/UI:N/S:U/C:H/I:H/A:H/E:U/RL:O/RC:C,exploitation_less_likely,Publicly Disclosed:No;Exploited:No;Latest Software Release:Exploitation Less Likely,Elevation of Privilege,,,0,5066586; 5066782; 5066791; 5066793; 5066791; 5066835; 5066793; 5066780; 5066837; 5066836; 5066874; 5066877; 5066872; 5066876; 5066875; 5066873; 5066835,5065428; 5065432; 5065429; 5065431; 5065429; 5065426; 5065431; 5065425; 5065430; 5065427; 5065508; 5065468; 5065509; 5065507,Yes,{'Value': 'Bruno Botelho'},2025-10-31T07:00:59,October 2025 Security Updates,2025-11-15T18:34:29.907800
CVE-2025-55336,Windows Cloud Files Mini Filter Driver Information Disclosure Vulnerability,,"<p><strong>What type of information could be disclosed by this vulnerability?</strong></p>
<p>Exploiting this vulnerability could allow the disclosure of certain memory address within kernel space. Knowing the exact location of kernel memory could be potentially leveraged by an attacker for other malicious activities.</p>
",Important,3,5.5,4.8,CVSS:3.1/AV:L/AC:L/PR:L/UI:N/S:U/C:H/I:N/A:N/E:U/RL:O/RC:C,exploitation_less_likely,Publicly Disclosed:No;Exploited:No;Latest Software Release:Exploitation Less Likely,Information Disclosure,,,0,5066835; 5066586; 5066782; 5066791; 5066793; 5066791; 5066835; 5066793; 5066780,5065428; 5065432; 5065429; 5065431; 5065429; 5065426; 5065431; 5065425,Yes,"{'Value': '<a href=""https://x.com/cplearns2h4ck"">Chen Le Qi (@cplearns2h4ck)</a> with <a href=""https://starlabs.sg/"">STAR Labs SG Pte. Ltd.</a>'}",2025-10-31T07:00:59,October 2025 Security Updates,2025-11-15T18:34:29.907819
CVE-2025-55338,Windows BitLocker Security Feature Bypass Vulnerability,,"<p><strong>What kind of security feature could be bypassed by successfully exploiting this vulnerability?</strong></p>
<p>A successful attacker could bypass the BitLocker Device Encryption feature on the system storage device. An attacker with physical access to the target could exploit this vulnerability to gain access to encrypted data.</p>
",Important,3,6.1,5.3,CVSS:3.1/AV:P/AC:L/PR:N/UI:N/S:U/C:H/I:H/A:N/E:U/RL:O/RC:C,exploitation_less_likely,Publicly Disclosed:No;Exploited:No;Latest Software Release:Exploitation Less Likely,Security Feature Bypass,,,0,5066835; 5066586; 5066782; 5066791; 5066793; 5066791; 5066835; 5066793; 5066780; 5066837; 5066836,5065428; 5065432; 5065429; 5065431; 5065429; 5065426; 5065431; 5065425; 5065430; 5065427,Yes,"{'Value': 'Netanel Ben Simon with Microsoft (STORM)'}; {'Value': '<a href=""https://x.com/alon_leviev"">Alon Leviev</a> with Microsoft (STORM)'}",2025-10-31T07:00:59,October 2025 Security Updates,2025-11-15T18:34:29.907842
CVE-2025-55339,Windows Network Driver Interface Specification (NDIS) Driver Elevation of Privilege Vulnerability,,"<p><strong>What privileges could be gained by an attacker who successfully exploited this vulnerability?</strong></p>
<p>An attacker who successfully exploited this vulnerability could gain SYSTEM privileges.</p>
",Important,3,7.8,6.8,CVSS:3.1/AV:L/AC:L/PR:L/UI:N/S:U/C:H/I:H/A:H/E:U/RL:O/RC:C,exploitation_less_likely,Publicly Disclosed:No;Exploited:No;Latest Software Release:Exploitation Less Likely,Elevation of Privilege,,,0,5066835; 5066782; 5066793; 5066835; 5066793; 5066780,5065432; 5065431; 5065426; 5065431; 5065425,Yes,"{'Value': '<a href=""https://twitter.com/scwuaptx"">Angelboy (@scwuaptx)</a> with <a href=""https://devco.re/"">DEVCORE</a>'}",2025-10-31T07:00:59,October 2025 Security Updates,2025-11-15T18:34:29.907855
CVE-2025-55340,Windows Remote Desktop Protocol Security Feature Bypass,,"<p><strong>What kind of security feature could be bypassed by successfully exploiting this vulnerability?</strong></p>
<p>This vulnerability could allow an attacker to bypass RDP authentication.</p>
",Important,3,7.0,6.1,CVSS:3.1/AV:L/AC:H/PR:L/UI:N/S:U/C:H/I:H/A:H/E:U/RL:O/RC:C,exploitation_unlikely,Publicly Disclosed:No;Exploited:No;Latest Software Release:Exploitation Unlikely,Security Feature Bypass,,,0,5066835; 5066782; 5066791; 5066793; 5066791; 5066835; 5066793; 5066780,5065432; 5065429; 5065431; 5065429; 5065426; 5065431; 5065425,Yes,{'Value': 'Toaster'},2025-10-31T07:00:59,October 2025 Security Updates,2025-11-15T18:34:29.907872
CVE-2025-55676,Windows USB Video Class System Driver Information Disclosure Vulnerability,,"<p><strong>What type of information could be disclosed by this vulnerability?</strong></p>
<p>Exploiting this vulnerability could allow the disclosure of certain memory address within kernel space. Knowing the exact location of kernel memory could be potentially leveraged by an attacker for other malicious activities.</p>
",Important,3,5.5,4.8,CVSS:3.1/AV:L/AC:L/PR:L/UI:N/S:U/C:H/I:N/A:N/E:U/RL:O/RC:C,exploitation_more_likely,Publicly Disclosed:No;Exploited:No;Latest Software Release:Exploitation More Likely,Information Disclosure,,,0,5066835; 5066835,5065426,Yes,"{'Value': '<a href=""https://twitter.com/lewislee53"">Lewis Lee</a>, <a href=""https://twitter.com/ver0759"">Chunyang Han</a>, and <a href=""https://twitter.com/edwardzpeng"">Zhiniang Peng</a> with HUST'}",2025-10-31T07:00:59,October 2025 Security Updates,2025-11-15T18:34:29.907881
CVE-2025-55677,Windows Device Association Broker Service Elevation of Privilege Vulnerability,,"<p><strong>What privileges could be gained by an attacker who successfully exploited the vulnerability?</strong></p>
<p>An attacker could use this vulnerability to elevate privileges from Medium Integrity Level to Local Service.</p>
",Important,3,7.8,6.8,CVSS:3.1/AV:L/AC:L/PR:L/UI:N/S:U/C:H/I:H/A:H/E:U/RL:O/RC:C,exploitation_unlikely,Publicly Disclosed:No;Exploited:No;Latest Software Release:Exploitation Unlikely,Elevation of Privilege,,,0,5066835; 5066835,5065426,Yes,"{'Value': 'Hwiwon Lee (hwiwonl), SEC-agent team'}; {'Value': '<a href=""https://linkedin.com/in/jongseongkim"">Jongseong Kim (nevul37), SEC-agent team</a> with <a href=""https://www.enki.co.kr/"">ENKI WhiteHat</a>'}",2025-10-31T07:00:59,October 2025 Security Updates,2025-11-15T18:34:29.907891
CVE-2025-55681,Desktop Windows Manager Elevation of Privilege Vulnerability,,"<p><strong>What privileges could be gained by an attacker who successfully exploited this vulnerability?</strong></p>
<p>An attacker who successfully exploited this vulnerability could gain SYSTEM privileges.</p>
",Important,3,7.0,6.1,CVSS:3.1/AV:L/AC:H/PR:L/UI:N/S:U/C:H/I:H/A:H/E:U/RL:O/RC:C,exploitation_more_likely,Publicly Disclosed:No;Exploited:No;Latest Software Release:Exploitation More Likely,Elevation of Privilege,,,0,5066835; 5066586; 5066782; 5066791; 5066793; 5066791; 5066835; 5066793; 5066780,5065428; 5065432; 5065429; 5065431; 5065429; 5065426; 5065431; 5065425,Yes,"{'Value': '<a href=""https://twitter.com/securiteam_ssd"">TyphoonPWN Windows PE Winner</a> with <a href=""https://ssd-disclosure.com/"">SSD Secure Disclosure</a>'}",2025-10-31T07:00:59,October 2025 Security Updates,2025-11-15T18:34:29.907911
CVE-2025-55685,Windows PrintWorkflowUserSvc Elevation of Privilege Vulnerability,,"<p><strong>According to the CVSS metric, the attack complexity is high (AC:H). What does that mean for this vulnerability?</strong></p>
<p>Successful exploitation of this vulnerability requires an attacker to win a race condition.</p>
",Important,3,7.0,6.1,CVSS:3.1/AV:L/AC:H/PR:L/UI:N/S:U/C:H/I:H/A:H/E:U/RL:O/RC:C,exploitation_less_likely,Publicly Disclosed:No;Exploited:No;Latest Software Release:Exploitation Less Likely,Elevation of Privilege,,,0,5066835; 5066782; 5066791; 5066793; 5066791; 5066835; 5066793; 5066780,5065432; 5065429; 5065431; 5065429; 5065426; 5065431; 5065425,Yes,"{'Value': '<a href=""https://linkedin.com/in/jongseongkim"">Jongseong Kim (nevul37), SEC-agent team</a> with <a href=""https://www.enki.co.kr/"">ENKI WhiteHat</a>'}; {'Value': 'Hwiwon Lee (hwiwonl), SEC-agent team'}",2025-10-31T07:00:59,October 2025 Security Updates,2025-11-15T18:34:29.907928
CVE-2025-55686,Windows PrintWorkflowUserSvc Elevation of Privilege Vulnerability,,"<p><strong>According to the CVSS metric, the attack complexity is high (AC:H). What does that mean for this vulnerability?</strong></p>
<p>Successful exploitation of this vulnerability requires an attacker to win a race condition.</p>
",Important,3,7.0,6.1,CVSS:3.1/AV:L/AC:H/PR:L/UI:N/S:U/C:H/I:H/A:H/E:U/RL:O/RC:C,exploitation_less_likely,Publicly Disclosed:No;Exploited:No;Latest Software Release:Exploitation Less Likely,Elevation of Privilege,,,0,5066835; 5066782; 5066791; 5066793; 5066791; 5066835; 5066793; 5066780,5065432; 5065429; 5065431; 5065429; 5065426; 5065431; 5065425,Yes,"{'Value': '<a href=""https://linkedin.com/in/jongseongkim"">Jongseong Kim (nevul37), SEC-agent team</a> with <a href=""https://www.enki.co.kr/"">ENKI WhiteHat</a>'}; {'Value': 'Hwiwon Lee (hwiwonl), SEC-agent team'}",2025-10-31T07:00:59,October 2025 Security Updates,2025-11-15T18:34:29.907947
CVE-2025-55687,Windows Resilient File System (ReFS) Elevation of Privilege Vulnerability,,"<p><strong>What privileges could be gained by an attacker who successfully exploited this vulnerability?</strong></p>
<p>An attacker who successfully exploited this vulnerability could gain SYSTEM privileges.</p>
",Important,3,7.4,6.4,CVSS:3.1/AV:L/AC:H/PR:N/UI:N/S:U/C:H/I:H/A:H/E:U/RL:O/RC:C,exploitation_less_likely,Publicly Disclosed:No;Exploited:No;Latest Software Release:Exploitation Less Likely,Elevation of Privilege,,,0,5066835; 5066586; 5066782; 5066791; 5066793; 5066791; 5066835; 5066793; 5066780; 5066836; 5066837; 5066875; 5066873,5065428; 5065432; 5065429; 5065431; 5065429; 5065426; 5065431; 5065425; 5065427; 5065430; 5065509; 5065507,Yes,,2025-10-31T07:00:59,October 2025 Security Updates,2025-11-15T18:34:29.907970
CVE-2025-55689,Windows PrintWorkflowUserSvc Elevation of Privilege Vulnerability,,"<p><strong>What privileges could be gained by an attacker who successfully exploited this vulnerability?</strong></p>
<p>An attacker who successfully exploited this vulnerability could gain SYSTEM privileges.</p>
",Important,3,7.0,6.1,CVSS:3.1/AV:L/AC:H/PR:L/UI:N/S:U/C:H/I:H/A:H/E:U/RL:O/RC:C,exploitation_less_likely,Publicly Disclosed:No;Exploited:No;Latest Software Release:Exploitation Less Likely,Elevation of Privilege,,,0,5066782; 5066791; 5066793; 5066791; 5066835; 5066793; 5066780; 5066835,5065432; 5065429; 5065431; 5065429; 5065426; 5065431; 5065425,Yes,"{'Value': '<a href=""https://linkedin.com/in/jongseongkim"">Jongseong Kim (nevul37), SEC-agent team</a> with <a href=""https://www.enki.co.kr/"">ENKI WhiteHat</a>'}; {'Value': 'Hwiwon Lee (hwiwonl), SEC-agent&#160;team'}",2025-10-31T07:00:59,October 2025 Security Updates,2025-11-15T18:34:29.907987
CVE-2025-55700,Windows Routing and Remote Access Service (RRAS) Information Disclosure Vulnerability,,"<p><strong>According to the CVSS metric, the attack vector is network (AV:N), user interaction is required (UI:R), and privileges required are none (PR:N). What does that mean for this vulnerability?</strong></p>
<p>Exploitation of this vulnerability requires an unauthorized attacker to wait for a user to initiate a connection to a malicious server that the attacker has set up prior to the user connecting.</p>
",Important,3,6.5,5.7,CVSS:3.1/AV:N/AC:L/PR:N/UI:R/S:U/C:H/I:N/A:N/E:U/RL:O/RC:C,exploitation_less_likely,Publicly Disclosed:No;Exploited:No;Latest Software Release:Exploitation Less Likely,Information Disclosure,,,0,5066835; 5066586; 5066782; 5066791; 5066793; 5066791; 5066835; 5066793; 5066780; 5066837; 5066836; 5066874; 5066877; 5066872; 5066876; 5066875; 5066873,5065428; 5065432; 5065429; 5065431; 5065429; 5065426; 5065431; 5065425; 5065430; 5065427; 5065508; 5065468; 5065509; 5065507,Yes,{'Value': 'Anonymous'},2025-10-31T07:00:59,October 2025 Security Updates,2025-11-15T18:34:29.908013
CVE-2025-55701,Windows Authentication Elevation of Privilege Vulnerability,,"<p><strong>What privileges could be gained by an attacker who successfully exploited the vulnerability?</strong></p>
<p>An attacker who successfully exploited this vulnerability could gain administrator privileges.</p>
",Important,3,7.8,6.8,CVSS:3.1/AV:L/AC:L/PR:L/UI:N/S:U/C:H/I:H/A:H/E:U/RL:O/RC:C,exploitation_less_likely,Publicly Disclosed:No;Exploited:No;Latest Software Release:Exploitation Less Likely,Elevation of Privilege,,,0,5066835; 5066586; 5066782; 5066791; 5066793; 5066791; 5066835; 5066793; 5066780; 5066837; 5066836; 5066874; 5066877; 5066872; 5066876; 5066875; 5066873,5065428; 5065432; 5065429; 5065431; 5065429; 5065426; 5065431; 5065425; 5065430; 5065427; 5065508; 5065468; 5065509; 5065507,Yes,"{'Value': '<a href=""https://twitter.com/keyz3r0"">k0shl</a> with <a href=""https://www.cyberkl.com/"">Kunlun Lab</a>'}",2025-10-31T07:00:59,October 2025 Security Updates,2025-11-15T18:34:29.908042
CVE-2025-58715,Windows Speech Runtime Elevation of Privilege Vulnerability,,"<p><strong>According to the CVSS metric, a successful exploitation could lead to a scope change (S:C). What does this mean for this vulnerability?</strong></p>
<p>This vulnerability could lead to a contained execution environment escape. Please refer to <a href=""https://learn.microsoft.com/en-us/windows/win32/secauthz/appcontainer-isolation"">AppContainer Isolation</a> for more information.</p>
",Important,3,8.8,7.7,CVSS:3.1/AV:L/AC:L/PR:L/UI:N/S:C/C:H/I:H/A:H/E:U/RL:O/RC:C,exploitation_unlikely,Publicly Disclosed:No;Exploited:No;Latest Software Release:Exploitation Unlikely,Elevation of Privilege,,,0,5066835; 5066586; 5066782; 5066791; 5066793; 5066791; 5066835; 5066793; 5066780; 5066837; 5066836,5065428; 5065432; 5065429; 5065431; 5065429; 5065426; 5065431; 5065425; 5065430; 5065427,Yes,{'Value': 'Anonymous'},2025-10-31T07:00:59,October 2025 Security Updates,2025-11-15T18:34:29.908064
CVE-2025-58716,Windows Speech Runtime Elevation of Privilege Vulnerability,,"<p><strong>According to the CVSS metric, a successful exploitation could lead to a scope change (S:C). What does this mean for this vulnerability?</strong></p>
<p>This vulnerability could lead to a contained execution environment escape. Please refer to <a href=""https://learn.microsoft.com/en-us/windows/win32/secauthz/appcontainer-isolation"">AppContainer Isolation</a> for more information.</p>
",Important,3,8.8,7.7,CVSS:3.1/AV:L/AC:L/PR:L/UI:N/S:C/C:H/I:H/A:H/E:U/RL:O/RC:C,exploitation_unlikely,Publicly Disclosed:No;Exploited:No;Latest Software Release:Exploitation Unlikely,Elevation of Privilege,,,0,5066835; 5066586; 5066782; 5066791; 5066793; 5066791; 5066835; 5066793; 5066780; 5066837; 5066836,5065428; 5065432; 5065429; 5065431; 5065429; 5065426; 5065431; 5065425; 5065430; 5065427,Yes,{'Value': 'Anonymous'},2025-10-31T07:00:59,October 2025 Security Updates,2025-11-15T18:34:29.908085
CVE-2025-58717,Windows Routing and Remote Access Service (RRAS) Information Disclosure Vulnerability,,"<p><strong>According to the CVSS metric, the attack vector is network (AV:N), user interaction is required (UI:R), and privileges required are none (PR:N). What does that mean for this vulnerability?</strong></p>
<p>Exploitation of this vulnerability requires an unauthorized attacker to wait for a user to initiate a connection to a malicious server that the attacker has set up prior to the user connecting.</p>
",Important,3,6.5,5.7,CVSS:3.1/AV:N/AC:L/PR:N/UI:R/S:U/C:H/I:N/A:N/E:U/RL:O/RC:C,exploitation_less_likely,Publicly Disclosed:No;Exploited:No;Latest Software Release:Exploitation Less Likely,Information Disclosure,,,0,5066835; 5066586; 5066782; 5066791; 5066793; 5066791; 5066835; 5066793; 5066780; 5066837; 5066836; 5066874; 5066877; 5066872; 5066876; 5066875; 5066873,5065428; 5065432; 5065429; 5065431; 5065429; 5065426; 5065431; 5065425; 5065430; 5065427; 5065508; 5065468; 5065509; 5065507,Yes,{'Value': 'Anonymous'},2025-10-31T07:00:59,October 2025 Security Updates,2025-11-15T18:34:29.908112
CVE-2025-58719,Windows Connected Devices Platform Service Elevation of Privilege Vulnerability,,"<p><strong>According to the CVSS metrics, successful exploitation of this vulnerability does not impact confidentiality (C:N), or integrity (I:N), but has a high impact on availability (A:H). What does that mean for this vulnerability?</strong></p>
<p>An attacker who successfully exploits this vulnerability cannot access or modify any sensitive user data but can cause user data to become unavailable.</p>
",Important,3,4.7,4.1,CVSS:3.1/AV:L/AC:H/PR:L/UI:N/S:U/C:N/I:N/A:H/E:U/RL:O/RC:C,exploitation_unlikely,Publicly Disclosed:No;Exploited:No;Latest Software Release:Exploitation Unlikely,Elevation of Privilege,,,0,5066835; 5066586; 5066782; 5066791; 5066793; 5066791; 5066835; 5066793; 5066780; 5066836,5065428; 5065432; 5065429; 5065431; 5065429; 5065426; 5065431; 5065425; 5065427,Yes,"{'Value': '<a href=""https://twitter.com/hillstone_lab"">Zhang WangJunJie, He YiSheng</a> with <a href=""https://www.hillstonenet.com/"">Hillstone Networks Security Research Institute</a>'}",2025-10-31T07:00:59,October 2025 Security Updates,2025-11-15T18:34:29.908131
CVE-2025-58722,Microsoft DWM Core Library Elevation of Privilege Vulnerability,,"<p><strong>What privileges could be gained by an attacker who successfully exploited this vulnerability?</strong></p>
<p>An attacker who successfully exploited this vulnerability could gain SYSTEM privileges.</p>
",Important,3,7.8,6.8,CVSS:3.1/AV:L/AC:L/PR:L/UI:N/S:U/C:H/I:H/A:H/E:U/RL:O/RC:C,exploitation_more_likely,Publicly Disclosed:No;Exploited:No;Latest Software Release:Exploitation More Likely,Elevation of Privilege,,,0,5066835; 5066586; 5066782; 5066791; 5066793; 5066791; 5066835; 5066793; 5066780; 5066836,5065428; 5065432; 5065429; 5065431; 5065429; 5065426; 5065431; 5065425; 5065427,Yes,{'Value': 'Varun Goel'}; {'Value': 'Samuel Pope with MSRC'},2025-10-31T07:00:59,October 2025 Security Updates,2025-11-15T18:34:29.908153
CVE-2025-58728,Windows Bluetooth Service Elevation of Privilege Vulnerability,,"<p><strong>What privileges could be gained by an attacker who successfully exploited this vulnerability?</strong></p>
<p>An attacker who successfully exploited this vulnerability could gain SYSTEM privileges.</p>
",Important,3,7.8,6.8,CVSS:3.1/AV:L/AC:L/PR:L/UI:N/S:U/C:H/I:H/A:H/E:U/RL:O/RC:C,exploitation_less_likely,Publicly Disclosed:No;Exploited:No;Latest Software Release:Exploitation Less Likely,Elevation of Privilege,,,0,5066835; 5066586; 5066791; 5066793; 5066791; 5066835; 5066793; 5066780,5065428; 5065429; 5065431; 5065429; 5065426; 5065431; 5065425,Yes,{'Value': 'Zhiniang Peng with HUST & R4nger with CyberKunLun'},2025-10-31T07:00:59,October 2025 Security Updates,2025-11-15T18:34:29.908172
CVE-2025-58732,Inbox COM Objects (Global Memory) Remote Code Execution Vulnerability,,"<p><strong>According to the CVSS metric, user interaction is required (UI:R). What interaction would the user have to do?</strong></p>
<p>An attacker must send the user a malicious file and convince them to open it.</p>
",Important,3,7.0,6.1,CVSS:3.1/AV:L/AC:H/PR:N/UI:R/S:U/C:H/I:H/A:H/E:U/RL:O/RC:C,exploitation_unlikely,Publicly Disclosed:No;Exploited:No;Latest Software Release:Exploitation Unlikely,Remote Code Execution,,,0,5066586; 5066782; 5066791; 5066793; 5066791; 5066835; 5066793; 5066780; 5066837; 5066836; 5066872; 5066876; 5066875; 5066873; 5066835,5065428; 5065432; 5065429; 5065431; 5065429; 5065426; 5065431; 5065425; 5065430; 5065427; 5065468; 5065509; 5065507,Yes,{'Value': 'Zhiniang Peng with HUST &amp; R4nger with CyberKunLun'},2025-10-31T07:00:59,October 2025 Security Updates,2025-11-15T18:34:29.908199
CVE-2025-58735,Inbox COM Objects (Global Memory) Remote Code Execution Vulnerability,,"<p><strong>According to the CVSS metric, the attack vector is local (AV:L). Why does the CVE title indicate that this is a remote code execution?</strong></p>
<p>The word <strong>Remote</strong> in the title refers to the location of the attacker. This type of exploit is sometimes referred to as Arbitrary Code Execution (ACE). The attack itself is carried out locally. This means an attacker or victim needs to execute code from the local machine to exploit the vulnerability.</p>
",Important,3,7.0,6.1,CVSS:3.1/AV:L/AC:H/PR:N/UI:R/S:U/C:H/I:H/A:H/E:U/RL:O/RC:C,exploitation_unlikely,Publicly Disclosed:No;Exploited:No;Latest Software Release:Exploitation Unlikely,Remote Code Execution,,,0,5066835; 5066586; 5066782; 5066791; 5066793; 5066791; 5066835; 5066793; 5066780; 5066837; 5066836; 5066874; 5066877; 5066872; 5066876; 5066875; 5066873,5065428; 5065432; 5065429; 5065431; 5065429; 5065426; 5065431; 5065425; 5065430; 5065427; 5065508; 5065468; 5065509; 5065507,Yes,{'Value': 'Zhiniang Peng with HUST &amp; R4nger with CyberKunLun'},2025-10-31T07:00:59,October 2025 Security Updates,2025-11-15T18:34:29.908226
CVE-2025-59185,NTLM Hash Disclosure Spoofing Vulnerability,,"<p><strong>According to the CVSS metric, user interaction is required (UI:R). What interaction would the user have to do?</strong></p>
<p>A user interacting with the file in multiple ways will cause the NTLM hash to be leaked. A few interactions which trigger this leak include:</p>
<ul>
<li>Opening the parent folder in Explorer</li>
<li>Clicking the file (any mouse button)</li>
<li>Dragging the file</li>
<li>Deleting the file</li>
</ul>
",Important,3,6.5,5.7,CVSS:3.1/AV:N/AC:L/PR:N/UI:R/S:U/C:H/I:N/A:N/E:U/RL:O/RC:C,exploitation_less_likely,Publicly Disclosed:No;Exploited:No;Latest Software Release:Exploitation Less Likely,Spoofing,,,0,5066835; 5066586; 5066782; 5066791; 5066793; 5066791; 5066835; 5066793; 5066780; 5066837; 5066836; 5066873,5065428; 5065432; 5065429; 5065431; 5065429; 5065426; 5065431; 5065425; 5065430; 5065427; 5065507,Yes,{'Value': 'Nacl'},2025-10-31T07:00:59,October 2025 Security Updates,2025-11-15T18:34:29.908248
CVE-2025-59186,Windows Kernel Information Disclosure Vulnerability,,"<p><strong>What type of information could be disclosed by this vulnerability?</strong></p>
<p>Exploiting this vulnerability could allow the disclosure of certain memory address within kernel space. Knowing the exact location of kernel memory could be potentially leveraged by an attacker for other malicious activities.</p>
",Important,3,5.5,4.8,CVSS:3.1/AV:L/AC:L/PR:L/UI:N/S:U/C:H/I:N/A:N/E:U/RL:O/RC:C,exploitation_less_likely,Publicly Disclosed:No;Exploited:No;Latest Software Release:Exploitation Less Likely,Information Disclosure,,,0,5066586; 5066782; 5066835; 5066780; 5066836,5065428; 5065432; 5065426; 5065425; 5065427,Yes,"{'Value': '<a href=""https://twitter.com/lewislee53"">Lewis Lee</a>, <a href=""https://twitter.com/ver0759"">Ver</a> and <a href=""https://twitter.com/edwardzpeng"">Zhiniang Peng of HUST</a>'}",2025-10-31T07:00:59,October 2025 Security Updates,2025-11-15T18:34:29.908262
CVE-2025-59195,Microsoft Graphics Component Denial of Service Vulnerability,,"<p><strong>According to the CVSS metric, the attack complexity is high (AC:H). What does that mean for this vulnerability?</strong></p>
<p>Successful exploitation of this vulnerability requires an attacker to win a race condition.</p>
",Important,3,7.0,6.1,CVSS:3.1/AV:L/AC:H/PR:L/UI:N/S:U/C:H/I:H/A:H/E:U/RL:O/RC:C,exploitation_less_likely,Publicly Disclosed:No;Exploited:No;Latest Software Release:Exploitation Less Likely,Denial of Service,,,0,5066835; 5066586; 5066782; 5066791; 5066793; 5066791; 5066835; 5066793; 5066780,5065428; 5065432; 5065429; 5065431; 5065429; 5065426; 5065431; 5065425,Yes,{'Value': 'cyanbamboo'},2025-10-31T07:00:59,October 2025 Security Updates,2025-11-15T18:34:29.908280
CVE-2025-59196,Windows Simple Search and Discovery Protocol (SSDP) Service Elevation of Privilege Vulnerability,,"<p><strong>According to the CVSS metric, the attack complexity is high (AC:H). What does that mean for this vulnerability?</strong></p>
<p>Successful exploitation of this vulnerability requires an attacker to win a race condition.</p>
",Important,3,7.0,6.1,CVSS:3.1/AV:L/AC:H/PR:L/UI:N/S:U/C:H/I:H/A:H/E:U/RL:O/RC:C,exploitation_unlikely,Publicly Disclosed:No;Exploited:No;Latest Software Release:Exploitation Unlikely,Elevation of Privilege,,,0,5066835; 5066586; 5066782; 5066791; 5066793; 5066791; 5066835; 5066793; 5066780; 5066837; 5066836; 5066874; 5066877; 5066872; 5066876; 5066875; 5066873,5065428; 5065432; 5065429; 5065431; 5065429; 5065426; 5065431; 5065425; 5065430; 5065427; 5065508; 5065468; 5065509; 5065507,Yes,"{'Value': '<a href=""https://twitter.com/keyz3r0"">k0shl</a> with <a href=""https://www.cyberkl.com/"">Kunlun Lab</a>'}",2025-10-31T07:00:59,October 2025 Security Updates,2025-11-15T18:34:29.908307
CVE-2025-59199,Software Protection Platform (SPP) Elevation of Privilege Vulnerability,,"<p><strong>What privileges could be gained by an attacker who successfully exploited this vulnerability?</strong></p>
<p>An attacker who successfully exploited this vulnerability could elevate from a low integrity level up to a medium integrity level.</p>
",Important,3,7.8,6.8,CVSS:3.1/AV:L/AC:L/PR:L/UI:N/S:U/C:H/I:H/A:H/E:U/RL:O/RC:C,exploitation_more_likely,Publicly Disclosed:No;Exploited:No;Latest Software Release:Exploitation More Likely,Elevation of Privilege,,,0,5066835; 5066586; 5066782; 5066791; 5066793; 5066791; 5066835; 5066793; 5066780,5065428; 5065432; 5065429; 5065431; 5065429; 5065426; 5065431; 5065425,Yes,{'Value': 'Yarin Aharoni with SafeBreach'},2025-10-31T07:00:59,October 2025 Security Updates,2025-11-15T18:34:29.908326
CVE-2025-59200,Data Sharing Service Spoofing Vulnerability,,"<p><strong>According to the CVSS metric, a successful exploitation could lead to a scope change (S:C). What does this mean for this vulnerability?</strong></p>
<p>An exploited vulnerability can affect resources beyond the security scope managed by the security authority of the vulnerable component. In this case, the vulnerable component and the impacted component are different and managed by different security authorities.</p>
",Important,3,7.7,6.7,CVSS:3.1/AV:L/AC:L/PR:N/UI:R/S:C/C:L/I:H/A:L/E:U/RL:O/RC:C,exploitation_less_likely,Publicly Disclosed:No;Exploited:No;Latest Software Release:Exploitation Less Likely,Spoofing,,,0,5066835; 5066586; 5066782; 5066791; 5066793; 5066791; 5066835; 5066793; 5066780; 5066837; 5066836,5065428; 5065432; 5065429; 5065431; 5065429; 5065426; 5065431; 5065425; 5065430; 5065427,Yes,{'Value': 'Ron Benyizhak with Safebreach'},2025-10-31T07:00:59,October 2025 Security Updates,2025-11-15T18:34:29.908347
CVE-2025-59201,Network Connection Status Indicator (NCSI) Elevation of Privilege Vulnerability,,"<p><strong>What privileges could be gained by an attacker who successfully exploited the vulnerability?</strong></p>
<p>An attacker who successfully exploited this vulnerability could execute code in the security context of the “NT AUTHORITY\Network Service” account.</p>
",Important,3,7.8,6.8,CVSS:3.1/AV:L/AC:L/PR:L/UI:N/S:U/C:H/I:H/A:H/E:U/RL:O/RC:C,exploitation_less_likely,Publicly Disclosed:No;Exploited:No;Latest Software Release:Exploitation Less Likely,Elevation of Privilege,,,0,5066835; 5066586; 5066782; 5066791; 5066793; 5066791; 5066835; 5066793; 5066780; 5066837; 5066836; 5066874; 5066877; 5066872; 5066876; 5066875; 5066873,5065428; 5065432; 5065429; 5065431; 5065429; 5065426; 5065431; 5065425; 5065430; 5065427; 5065508; 5065468; 5065509; 5065507,Yes,"{'Value': '<a href=""https://x.com/t0zhang"">T0</a>'}",2025-10-31T07:00:59,October 2025 Security Updates,2025-11-15T18:34:29.908374
CVE-2025-59202,Windows Remote Desktop Services Elevation of Privilege Vulnerability,,"<p><strong>According to the CVSS metric, the attack complexity is high (AC:H). What does that mean for this vulnerability?</strong></p>
<p>Successful exploitation of this vulnerability requires an attacker to win a race condition.</p>
",Important,3,7.0,6.1,CVSS:3.1/AV:L/AC:H/PR:L/UI:N/S:U/C:H/I:H/A:H/E:U/RL:O/RC:C,exploitation_less_likely,Publicly Disclosed:No;Exploited:No;Latest Software Release:Exploitation Less Likely,Elevation of Privilege,,,0,5066835; 5066586; 5066782; 5066791; 5066793; 5066791; 5066835; 5066793; 5066780; 5066836; 5066875; 5066873,5065428; 5065432; 5065429; 5065431; 5065429; 5065426; 5065431; 5065425; 5065427; 5065509; 5065507,Yes,"{'Value': '<a href=""https://twitter.com/keyz3r0"">k0shl</a> with <a href=""https://www.cyberkl.com/"">Kunlun Lab</a>'}",2025-10-31T07:00:59,October 2025 Security Updates,2025-11-15T18:34:29.908400
CVE-2025-59204,Windows Management Services Information Disclosure Vulnerability,,"<p><strong>What type of information could be disclosed by this vulnerability?</strong></p>
<p>The type of information that could be disclosed if an attacker successfully exploited this vulnerability is uninitialized memory.</p>
",Important,3,5.5,4.8,CVSS:3.1/AV:L/AC:L/PR:L/UI:N/S:U/C:H/I:N/A:N/E:U/RL:O/RC:C,exploitation_unlikely,Publicly Disclosed:No;Exploited:No;Latest Software Release:Exploitation Unlikely,Information Disclosure,,,0,5066835; 5066586; 5066782; 5066791; 5066793; 5066791; 5066835; 5066793; 5066780,5065428; 5065432; 5065429; 5065431; 5065429; 5065426; 5065431; 5065425,Yes,{'Value': 'Taewoo (Tae_ω02)'},2025-10-31T07:00:59,October 2025 Security Updates,2025-11-15T18:34:29.908418
CVE-2025-59206,Windows Resilient File System (ReFS) Deduplication Service Elevation of Privilege Vulnerability,,"<p><strong>According to the CVSS metric, the attack complexity is high (AC:H). What does that mean for this vulnerability?</strong></p>
<p>Successful exploitation of this vulnerability requires an attacker to win a race condition.</p>
",Important,3,7.4,6.4,CVSS:3.1/AV:L/AC:H/PR:N/UI:N/S:U/C:H/I:H/A:H/E:U/RL:O/RC:C,exploitation_unlikely,Publicly Disclosed:No;Exploited:No;Latest Software Release:Exploitation Unlikely,Elevation of Privilege,,,0,5066835; 5066835,5065426,Yes,{'Value': 'Taewoo (Tae_ω02)'},2025-10-31T07:00:59,October 2025 Security Updates,2025-11-15T18:34:29.908428
CVE-2025-59207,Windows Kernel Elevation of Privilege Vulnerability,,"<p><strong>What privileges could be gained by an attacker who successfully exploited this vulnerability?</strong></p>
<p>An attacker who successfully exploited this vulnerability could gain SYSTEM privileges.</p>
",Important,3,7.8,6.8,CVSS:3.1/AV:L/AC:L/PR:L/UI:N/S:U/C:H/I:H/A:H/E:U/RL:O/RC:C,exploitation_less_likely,Publicly Disclosed:No;Exploited:No;Latest Software Release:Exploitation Less Likely,Elevation of Privilege,,,0,5066835; 5066586; 5066782; 5066791; 5066793; 5066791; 5066835; 5066793; 5066780,5065428; 5065432; 5065429; 5065431; 5065429; 5065426; 5065431; 5065425,Yes,"{'Value': 'ChenJian with <a href=""https://www.sea.com/security"">Sea Security Orca Team</a>'}",2025-10-31T07:00:59,October 2025 Security Updates,2025-11-15T18:34:29.908445
CVE-2025-59211,Windows Push Notification Information Disclosure Vulnerability,,"<p><strong>What type of information could be disclosed by this vulnerability?</strong></p>
<p>An attacker who successfully exploited this vulnerability could potentially read portions of heap memory.</p>
",Important,3,5.5,4.8,CVSS:3.1/AV:L/AC:L/PR:L/UI:N/S:U/C:H/I:N/A:N/E:U/RL:O/RC:C,exploitation_unlikely,Publicly Disclosed:No;Exploited:No;Latest Software Release:Exploitation Unlikely,Information Disclosure,,,0,5066835; 5066586; 5066782; 5066791; 5066793; 5066791; 5066835; 5066793; 5066780; 5066837; 5066836; 5066875; 5066873,5065428; 5065432; 5065429; 5065431; 5065429; 5065426; 5065431; 5065425; 5065430; 5065427; 5065509; 5065507,Yes,{'Value': 'Anonymous'},2025-10-31T07:00:59,October 2025 Security Updates,2025-11-15T18:34:29.908468
CVE-2025-59228,Microsoft SharePoint Remote Code Execution Vulnerability,,"<p><strong>How could an attacker exploit the vulnerability?</strong></p>
<p>In a network-based attack, an authenticated attacker, who has a minimum of Site Member permissions (PR:L), could execute code remotely on the SharePoint Server.</p>
",Important,3,8.8,7.7,CVSS:3.1/AV:N/AC:L/PR:L/UI:N/S:U/C:H/I:H/A:H/E:U/RL:O/RC:C,exploitation_less_likely,Publicly Disclosed:No;Exploited:No;Latest Software Release:Exploitation Less Likely,Remote Code Execution,,,0,5002788; 5002796; 5002786,5002778; 5002775; 5002784,Maybe,{'Value': 'MEOW'},2025-10-31T07:00:59,October 2025 Security Updates,2025-11-15T18:34:29.908478
CVE-2025-59231,Microsoft Excel Remote Code Execution Vulnerability,,"<p><strong>According to the CVSS metric, user interaction is required (UI:R). What interaction would the user have to do?</strong></p>
<p>An attacker must send the user a malicious file and convince them to open it.</p>
",Important,3,7.8,6.8,CVSS:3.1/AV:L/AC:L/PR:N/UI:R/S:U/C:H/I:H/A:H/E:U/RL:O/RC:C,exploitation_less_likely,Publicly Disclosed:No;Exploited:No;Latest Software Release:Exploitation Less Likely,Remote Code Execution,,,0,5002797; Click to Run; Release Notes; 5002794,5002776; 5002782,Maybe,{'Value': '\u2009Anonymous\u2009'}; {'Value': '\u2009Anonymous\u2009'},2025-10-31T07:00:59,October 2025 Security Updates,2025-11-15T18:34:29.908492
CVE-2025-59233,Microsoft Excel Remote Code Execution Vulnerability,,"<p><strong>According to the CVSS metric, user interaction is required (UI:R). What interaction would the user have to do?</strong></p>
<p>An attacker must send the user a malicious file and convince them to open it.</p>
",Important,3,7.8,6.8,CVSS:3.1/AV:L/AC:L/PR:N/UI:R/S:U/C:H/I:H/A:H/E:U/RL:O/RC:C,exploitation_less_likely,Publicly Disclosed:No;Exploited:No;Latest Software Release:Exploitation Less Likely,Remote Code Execution,,,0,5002797; Click to Run; Release Notes; 5002794,5002776; 5002782,Maybe,{'Value': 'Anonymous'},2025-10-31T07:00:59,October 2025 Security Updates,2025-11-15T18:34:29.908505
CVE-2025-59234,Microsoft Office Remote Code Execution Vulnerability,,"<p><strong>Is the Preview Pane an attack vector for this vulnerability?</strong></p>
<p>Yes, the Preview Pane is an attack vector.</p>
",Critical,4,7.8,6.8,CVSS:3.1/AV:L/AC:L/PR:N/UI:R/S:U/C:H/I:H/A:H/E:U/RL:O/RC:C,exploitation_less_likely,Publicly Disclosed:No;Exploited:No;Latest Software Release:Exploitation Less Likely,Remote Code Execution,,,0,5002792; Click to Run; Release Notes; Release Notes,5002781,Maybe,,2025-10-31T07:00:59,October 2025 Security Updates,2025-11-15T18:34:29.908518
CVE-2025-59235,Microsoft Excel Information Disclosure Vulnerability,,"<p><strong>There are multiple update packages available for some of the affected software. Do I need to install all the updates listed in the Security Updates table for the software?</strong></p>
<p>Yes. Customers should apply all updates offered for the software installed on their systems. If multiple updates apply, they can be installed in any order.</p>
",Important,3,7.1,6.2,CVSS:3.1/AV:L/AC:L/PR:N/UI:R/S:U/C:H/I:N/A:H/E:U/RL:O/RC:C,exploitation_unlikely,Publicly Disclosed:No;Exploited:No;Latest Software Release:Exploitation Unlikely,Information Disclosure,,,0,5002797; 5002788; 5002796; Click to Run; Release Notes; 5002794; 5002719; 5002757; 5002341; 5002720,5002776; 5002778; 5002775; 5002782; 5002588; 5002734; 5002052; 5002701,Maybe,{'Value': 'Nathan Shomber of Microsoft'}; {'Value': 'Nathan Shomber of Microsoft'},2025-10-31T07:00:59,October 2025 Security Updates,2025-11-15T18:34:29.908535
CVE-2025-59236,Microsoft Excel Remote Code Execution Vulnerability,,"<p><strong>Is the Preview Pane an attack vector for this vulnerability?</strong></p>
<p>No, the Preview Pane is not an attack vector.</p>
",Critical,4,8.4,7.3,CVSS:3.1/AV:L/AC:L/PR:N/UI:N/S:U/C:H/I:H/A:H/E:U/RL:O/RC:C,exploitation_unlikely,Publicly Disclosed:No;Exploited:No;Latest Software Release:Exploitation Unlikely,Remote Code Execution,,,0,5002797; Click to Run; Release Notes,5002776,Maybe,{'Value': 'Nathan Shomber of Microsoft'},2025-10-31T07:00:59,October 2025 Security Updates,2025-11-15T18:34:29.908551
CVE-2025-59237,Microsoft SharePoint Remote Code Execution Vulnerability,,"<p><strong>According to the CVSS metric, privileges required is low (PR:L).  What does that mean for this vulnerability?</strong></p>
<p>Any authenticated attacker could trigger this vulnerability. It does not require admin or other elevated privileges.</p>
",Important,3,8.8,7.7,CVSS:3.1/AV:N/AC:L/PR:L/UI:N/S:U/C:H/I:H/A:H/E:U/RL:O/RC:C,exploitation_less_likely,Publicly Disclosed:No;Exploited:No;Latest Software Release:Exploitation Less Likely,Remote Code Execution,,,0,5002788; 5002796; 5002786,5002778; 5002775; 5002784,Maybe,,2025-10-31T07:00:59,October 2025 Security Updates,2025-11-15T18:34:29.908560
CVE-2025-59242,Windows Ancillary Function Driver for WinSock Elevation of Privilege Vulnerability,,"<p><strong>What privileges could be gained by an attacker who successfully exploited the vulnerability?</strong></p>
<p>An attacker who successfully exploited this vulnerability could gain specific limited SYSTEM privileges.</p>
",Important,3,7.8,6.8,CVSS:3.1/AV:L/AC:L/PR:L/UI:N/S:U/C:H/I:H/A:H/E:U/RL:O/RC:C,exploitation_less_likely,Publicly Disclosed:No;Exploited:No;Latest Software Release:Exploitation Less Likely,Elevation of Privilege,,,0,5066586; 5066782; 5066791; 5066793; 5066791; 5066835; 5066835; 5066793; 5066780; 5066837; 5066836; 5066874; 5066877; 5066872; 5066876; 5066875; 5066873,5065428; 5065432; 5065429; 5065431; 5065429; 5065426; 5065431; 5065425; 5065430; 5065427; 5065508; 5065468; 5065509; 5065507,Yes,"{'Value': '<a href=""https://twitter.com/scwuaptx"">Angelboy (@scwuaptx)</a> with <a href=""https://devco.re/"">DEVCORE</a>'}",2025-10-31T07:00:59,October 2025 Security Updates,2025-11-15T18:34:29.908588
CVE-2025-49708,Microsoft Graphics Component Elevation of Privilege Vulnerability,,"<p><strong>According to the CVSS metric, a successful exploitation could lead to a scope change (S:C). What does this mean for this vulnerability?</strong></p>
<p>Compromising the host enables an attacker to impact other virtual machines running on the same host, even if those VMs are not directly vulnerable to this issue.</p>
",Critical,4,9.9,8.6,CVSS:3.1/AV:N/AC:L/PR:L/UI:N/S:C/C:H/I:H/A:H/E:U/RL:O/RC:C,exploitation_less_likely,Publicly Disclosed:No;Exploited:No;Latest Software Release:Exploitation Less Likely,Elevation of Privilege,,,0,5066586; 5066782; 5066791; 5066793; 5066791; 5066835; 5066835; 5066793; 5066780,5065428; 5065432; 5065429; 5065431; 5065429; 5065426; 5065431; 5065425,Yes,{'Value': 'cyanbamboo and b2ahex'},2025-10-31T07:00:59,October 2025 Security Updates,2025-11-15T18:34:29.908607
CVE-2025-59243,Microsoft Excel Remote Code Execution Vulnerability,,"<p><strong>According to the CVSS metric, user interaction is required (UI:R). What interaction would the user have to do?</strong></p>
<p>An attacker must send the user a malicious file and convince them to open it.</p>
",Important,3,7.8,6.8,CVSS:3.1/AV:L/AC:L/PR:N/UI:R/S:U/C:H/I:H/A:H/E:U/RL:O/RC:C,exploitation_unlikely,Publicly Disclosed:No;Exploited:No;Latest Software Release:Exploitation Unlikely,Remote Code Execution,,,0,Click to Run,,No,"{'Value': '<a href=""https://www.linkedin.com/in/4n0nym4u5"">4n0nym4u5</a> with <a href=""https://www.zscaler.com/"">Zscaler</a>'}",2025-10-31T07:00:59,October 2025 Security Updates,2025-11-15T18:34:29.908618
CVE-2025-59249,Microsoft Exchange Server Elevation of Privilege Vulnerability,,"<p><strong><strong>How could an attacker exploit this vulnerability?</strong></strong></p>
<p>An attacker would first have to compromise with a user account who is member of an admin group to run the required code.</p>
",Important,3,8.8,7.7,CVSS:3.1/AV:N/AC:L/PR:L/UI:N/S:U/C:H/I:H/A:H/E:U/RL:O/RC:C,exploitation_unlikely,Publicly Disclosed:No;Exploited:No;Latest Software Release:Exploitation Unlikely,Elevation of Privilege,,,0,5066369; 5066368; 5066367; 5066366,5063223; 5063222; 5063221; 5063224,Yes,{'Value': 'Justin Hendricks'},2025-10-31T07:00:59,October 2025 Security Updates,2025-11-15T18:34:29.908629
CVE-2025-59250,JDBC Driver for SQL Server Spoofing Vulnerability,,"<p><strong>How could an attacker exploit this vulnerability?</strong></p>
<p>An attacker could exploit the vulnerability by tricking a victim into connecting to a malicious server using techniques like DNS poisoning or phishing. Once connected, the attacker presents a legitimate TLS certificate with a spoofed Common Name (CN) in the Organizational Unit (OU) field. The JDBC driver mistakenly trusts this certificate, allowing the attacker to intercept SQL credentials and perform a machine-in-the-middle attack on encrypted database traffic.</p>
",Important,3,8.1,7.1,CVSS:3.1/AV:N/AC:L/PR:N/UI:R/S:U/C:H/I:H/A:N/E:U/RL:O/RC:C,exploitation_less_likely,Publicly Disclosed:No;Exploited:No;Latest Software Release:Exploitation Less Likely,Spoofing,,,0,Release Notes; Release Notes; Release Notes; Release Notes; Release Notes; Release Notes; Release Notes; Release Notes,,No,"{'Value': '<a href=""https://www.linkedin.com/in/nikita-markevich/"">Nikita Markevich</a>'}",2025-10-31T07:00:59,October 2025 Security Updates,2025-11-15T18:34:29.908642
CVE-2025-59254,Microsoft DWM Core Library Elevation of Privilege Vulnerability,,"<p><strong>What privileges could be gained by an attacker who successfully exploited this vulnerability?</strong></p>
<p>An attacker who successfully exploited this vulnerability could gain SYSTEM privileges.</p>
",Important,3,7.8,6.8,CVSS:3.1/AV:L/AC:L/PR:L/UI:N/S:U/C:H/I:H/A:H/E:U/RL:O/RC:C,exploitation_unlikely,Publicly Disclosed:No;Exploited:No;Latest Software Release:Exploitation Unlikely,Elevation of Privilege,,,0,5066586; 5066782; 5066791; 5066793; 5066791; 5066835; 5066835; 5066793; 5066780; 5066837; 5066836,5065428; 5065432; 5065429; 5065431; 5065429; 5065426; 5065431; 5065425; 5065430; 5065427,Yes,"{'Value': 'namnp with <a href=""https://x.com/vcslab"">Viettel Cyber Security</a>'}; {'Value': 'namnp with <a href=""https://x.com/vcslab"">Viettel Cyber Security</a>'}",2025-10-31T07:00:59,October 2025 Security Updates,2025-11-15T18:34:29.908663
CVE-2025-59255,Windows DWM Core Library Elevation of Privilege Vulnerability,,"<p><strong>What privileges could be gained by an attacker who successfully exploited this vulnerability?</strong></p>
<p>An attacker who successfully exploited this vulnerability could gain SYSTEM privileges.</p>
",Important,3,7.8,6.8,CVSS:3.1/AV:L/AC:L/PR:L/UI:N/S:U/C:H/I:H/A:H/E:U/RL:O/RC:C,exploitation_unlikely,Publicly Disclosed:No;Exploited:No;Latest Software Release:Exploitation Unlikely,Elevation of Privilege,,,0,5066586; 5066782; 5066791; 5066793; 5066791; 5066835; 5066835; 5066793; 5066780,5065428; 5065432; 5065429; 5065431; 5065429; 5065426; 5065431; 5065425,Yes,"{'Value': 'namnp with <a href=""https://x.com/vcslab"">Viettel Cyber Security</a>'}",2025-10-31T07:00:59,October 2025 Security Updates,2025-11-15T18:34:29.908684
CVE-2025-54957,MITRE CVE-2025-54957: Integer overflow in Dolby Digital Plus audio decoder,,"<p><strong>According to the CVSS metric, user interaction is required (UI:R). What interaction would the user have to do?</strong></p>
<p>An attacker must send the user a malicious file and convince them to open it.</p>
",Important,3,7.0,6.1,CVSS:3.1/AV:L/AC:H/PR:N/UI:R/S:U/C:H/I:H/A:H/E:U/RL:O/RC:C,exploitation_less_likely,Publicly Disclosed:No;Exploited:No;Latest Software Release:Exploitation Less Likely,Remote Code Execution,,,0,5066586; 5066782; 5066791; 5066793; 5066791; 5066835; 5066835; 5066793; 5066780; 5066837; 5066836,5065428; 5065432; 5065429; 5065431; 5065429; 5065426; 5065431; 5065425; 5065430; 5065427,Yes,{'Value': 'Dolby Laboratories working with the original identifiers Ivan Fratric and Natalie Silvanovich of Google Project Zero'},2025-10-31T07:00:59,October 2025 Security Updates,2025-11-15T18:34:29.908704
CVE-2025-59257,Windows Local Session Manager (LSM) Denial of Service Vulnerability,,,Important,3,6.5,5.7,CVSS:3.1/AV:N/AC:L/PR:L/UI:N/S:U/C:N/I:N/A:H/E:U/RL:O/RC:C,exploitation_less_likely,Publicly Disclosed:No;Exploited:No;Latest Software Release:Exploitation Less Likely,Denial of Service,,,0,5066835; 5066835; 5066780,5065426; 5065425,Yes,{'Value': 'Hussein Alrubaye with Microsoft'},2025-10-31T07:00:59,October 2025 Security Updates,2025-11-15T18:34:29.908713
CVE-2025-59258,Windows Active Directory Federation Services (ADFS) Information Disclosure Vulnerability,,"<p><strong>What type of information could be disclosed by this vulnerability?</strong></p>
<p>An attacker who successfully exploited this vulnerability could obtain Single Sign-On (SSO) cookies in ADFS logs.</p>
",Important,3,6.2,5.4,CVSS:3.1/AV:L/AC:L/PR:N/UI:N/S:U/C:H/I:N/A:N/E:U/RL:O/RC:C,exploitation_less_likely,Publicly Disclosed:No;Exploited:No;Latest Software Release:Exploitation Less Likely,Information Disclosure,,,0,5066586; 5066782; 5066835; 5066780; 5066836; 5066875; 5066873,5065428; 5065432; 5065426; 5065425; 5065427; 5065509; 5065507,Yes,{'Value': 'Anonymous'}; {'Value': 'Anonymous'},2025-10-31T07:00:59,October 2025 Security Updates,2025-11-15T18:34:29.908733
CVE-2025-59259,Windows Local Session Manager (LSM) Denial of Service Vulnerability,,,Important,3,6.5,5.7,CVSS:3.1/AV:N/AC:L/PR:L/UI:N/S:U/C:N/I:N/A:H/E:U/RL:O/RC:C,exploitation_less_likely,Publicly Disclosed:No;Exploited:No;Latest Software Release:Exploitation Less Likely,Denial of Service,,,0,5066586; 5066782; 5066791; 5066793; 5066791; 5066835; 5066835; 5066793; 5066780; 5066837; 5066836; 5066875; 5066873,5065428; 5065432; 5065429; 5065431; 5065429; 5065426; 5065431; 5065425; 5065430; 5065427; 5065509; 5065507,Yes,{'Value': 'Hussein Alrubaye with Microsoft'}; {'Value': 'Hussein Alrubaye with Microsoft'},2025-10-31T07:00:59,October 2025 Security Updates,2025-11-15T18:34:29.908756
CVE-2025-59277,Windows Authentication Elevation of Privilege Vulnerability,,"<p><strong>What privileges could be gained by an attacker who successfully exploited the vulnerability?</strong></p>
<p>An attacker who successfully exploited this vulnerability could gain administrator privileges.</p>
",Important,3,7.8,6.8,CVSS:3.1/AV:L/AC:L/PR:L/UI:N/S:U/C:H/I:H/A:H/E:U/RL:O/RC:C,exploitation_less_likely,Publicly Disclosed:No;Exploited:No;Latest Software Release:Exploitation Less Likely,Elevation of Privilege,,,0,5066586; 5066782; 5066791; 5066793; 5066791; 5066835; 5066793; 5066780; 5066837; 5066836; 5066874; 5066877; 5066872; 5066876; 5066875; 5066873,5065428; 5065432; 5065429; 5065431; 5065429; 5065426; 5065431; 5065425; 5065430; 5065427; 5065508; 5065468; 5065509; 5065507,Yes,"{'Value': '<a href=""https://twitter.com/keyz3r0"">k0shl</a> with <a href=""https://www.cyberkl.com/"">Kunlun Lab</a>'}",2025-10-31T07:00:59,October 2025 Security Updates,2025-11-15T18:34:29.908782
CVE-2025-59280,Windows SMB Client Tampering Vulnerability,,"<p><strong>According to the CVSS metric, the attack complexity is high (AC:H). What does that mean for this vulnerability?</strong></p>
<p>The attacker must inject themselves into the logical network path between the target and the resource requested by the victim to read or modify network communications. This is called a machine-in-the-middle (MITM) attack.</p>
",Important,3,3.1,2.7,CVSS:3.1/AV:N/AC:H/PR:N/UI:R/S:U/C:N/I:L/A:N/E:U/RL:O/RC:C,exploitation_less_likely,Publicly Disclosed:No;Exploited:No;Latest Software Release:Exploitation Less Likely,Tampering,,,0,5066586; 5066782; 5066791; 5066793; 5066791; 5066835; 5066793; 5066780; 5066837; 5066836; 5066874; 5066877; 5066872; 5066876; 5066875; 5066873,5065428; 5065432; 5065429; 5065431; 5065429; 5065426; 5065431; 5065425; 5065430; 5065427; 5065508; 5065468; 5065509; 5065507,Yes,{'Value': 'Anonymous'},2025-10-31T07:00:59,October 2025 Security Updates,2025-11-15T18:34:29.908807
CVE-2025-47979,Microsoft Failover Cluster Information Disclosure Vulnerability,,"<p><strong>What further actions should I take to protect my environment after applying the fix?</strong></p>
<p>Even after applying the security update, residual sensitive information may still exist in system logs. We strongly recommend that administrator users <strong>change their passwords</strong> to mitigate any potential risk from previously exposed credentials.</p>
",Important,3,5.5,4.8,CVSS:3.1/AV:L/AC:L/PR:L/UI:N/S:U/C:H/I:N/A:N/E:U/RL:O/RC:C,exploitation_less_likely,Publicly Disclosed:No;Exploited:No;Latest Software Release:Exploitation Less Likely,Information Disclosure,,,0,5066835; 5066780,5065426; 5065425,Yes,{'Value': 'Anonymous'},2025-10-31T07:00:59,October 2025 Security Updates,2025-11-15T18:34:29.908816
CVE-2025-54132,GitHub CVE-2025-54132: Arbitrary Image Fetch in Mermaid Diagram Tool,,,Important,3,4.4,4.4,CVSS:3.1/AV:N/AC:H/PR:H/UI:N/S:U/C:H/I:N/A:N,exploitation_less_likely,Publicly Disclosed:No;Exploited:No;Latest Software Release:Exploitation Less Likely,Information Disclosure,,,0,Release Notes,,Maybe,,2025-10-31T07:00:59,October 2025 Security Updates,2025-11-15T18:34:29.908824
CVE-2025-59281,Xbox Gaming Services Elevation of Privilege Vulnerability,,"<p><strong>What privileges could be gained by an attacker who successfully exploited the vulnerability?</strong></p>
<p>An attacker would be able to delete targeted files on a system.</p>
",Important,3,7.8,6.8,CVSS:3.1/AV:L/AC:L/PR:L/UI:N/S:U/C:H/I:H/A:H/E:U/RL:O/RC:C,exploitation_less_likely,Publicly Disclosed:No;Exploited:No;Latest Software Release:Exploitation Less Likely,Elevation of Privilege,,,0,Store,,Maybe,{'Value': 'Dominic Littlewood'}; {'Value': 'Dominic Littlewood'}; {'Value': 'Dominic Littlewood'},2025-10-31T07:00:59,October 2025 Security Updates,2025-11-15T18:34:29.908831
CVE-2025-59282,Internet Information Services (IIS) Inbox COM Objects (Global Memory) Remote Code Execution Vulnerability,,"<p><strong>According to the CVSS metric, the attack vector is local (AV:L). Why does the CVE title indicate that this is a remote code execution?</strong></p>
<p>The word <strong>Remote</strong> in the title refers to the location of the attacker. This type of exploit is sometimes referred to as Arbitrary Code Execution (ACE). The attack itself is carried out locally. This means an attacker or victim needs to execute code from the local machine to exploit the vulnerability.</p>
",Important,3,7.0,6.1,CVSS:3.1/AV:L/AC:H/PR:N/UI:R/S:U/C:H/I:H/A:H/E:U/RL:O/RC:C,exploitation_unlikely,Publicly Disclosed:No;Exploited:No;Latest Software Release:Exploitation Unlikely,Remote Code Execution,,,0,5066586; 5066782; 5066791; 5066793; 5066791; 5066835; 5066793; 5066780; 5066837; 5066836; 5066874; 5066877; 5066872; 5066876; 5066875; 5066873; 5066835,5065428; 5065432; 5065429; 5065431; 5065429; 5065426; 5065431; 5065425; 5065430; 5065427; 5065508; 5065468; 5065509; 5065507,Yes,{'Value': 'Zhiniang Peng with HUST &amp; R4nger with CyberKunLun'},2025-10-31T07:00:59,October 2025 Security Updates,2025-11-15T18:34:29.908859
CVE-2025-59284,Windows NTLM Spoofing Vulnerability,,,Important,3,3.3,2.9,CVSS:3.1/AV:L/AC:L/PR:N/UI:R/S:U/C:L/I:N/A:N/E:U/RL:O/RC:C,exploitation_less_likely,Publicly Disclosed:No;Exploited:No;Latest Software Release:Exploitation Less Likely,Spoofing,,,0,5066793; 5066835; 5066835; 5066793,5065431; 5065426; 5065431,Yes,{'Value': 'Len Sadowski and Oguz Bektas working with Trend Zero Day initiative'},2025-10-31T07:00:59,October 2025 Security Updates,2025-11-15T18:34:29.908870
CVE-2025-11212,Chromium: CVE-2025-11212 Inappropriate implementation in Media,,"<p><strong>What is the version information for this release?</strong></p>
<table>
<thead>
<tr>
<th>Microsoft Edge Version</th>
<th>Date Released</th>
<th>Based on Chromium Version</th>
</tr>
</thead>
<tbody>
<tr>
<td>141.0.3537.57</td>
<td>10/2/2025</td>
<td>141.0.7390.55</td>
</tr>
</tbody>
</table>
",,0,0.0,0.0,,unknown,Unknown,,,,0,Release Notes,,No,,2025-10-31T07:00:59,October 2025 Security Updates,2025-11-15T18:34:29.908877
CVE-2025-11211,Chromium: CVE-2025-11211 Out of bounds read in Media,,"<p><strong>What is the version information for this release?</strong></p>
<table>
<thead>
<tr>
<th>Microsoft Edge Version</th>
<th>Date Released</th>
<th>Based on Chromium Version</th>
</tr>
</thead>
<tbody>
<tr>
<td>141.0.3537.57</td>
<td>10/2/2025</td>
<td>141.0.7390.55</td>
</tr>
</tbody>
</table>
",,0,0.0,0.0,,unknown,Unknown,,,,0,Release Notes,,No,,2025-10-31T07:00:59,October 2025 Security Updates,2025-11-15T18:34:29.908887
CVE-2025-11209,Chromium: CVE-2025-11209 Inappropriate implementation in Omnibox,,"<p><strong>What is the version information for this release?</strong></p>
<table>
<thead>
<tr>
<th>Microsoft Edge Version</th>
<th>Date Released</th>
<th>Based on Chromium Version</th>
</tr>
</thead>
<tbody>
<tr>
<td>141.0.3537.57</td>
<td>10/2/2025</td>
<td>141.0.7390.55</td>
</tr>
</tbody>
</table>
",,0,0.0,0.0,,unknown,Unknown,,,,0,Release Notes,,No,,2025-10-31T07:00:59,October 2025 Security Updates,2025-11-15T18:34:29.908892
CVE-2025-11205,Chromium: CVE-2025-11205 Heap buffer overflow in WebGPU,,"<p><strong>What is the version information for this release?</strong></p>
<table>
<thead>
<tr>
<th>Microsoft Edge Version</th>
<th>Date Released</th>
<th>Based on Chromium Version</th>
</tr>
</thead>
<tbody>
<tr>
<td>141.0.3537.57</td>
<td>10/2/2025</td>
<td>141.0.7390.55</td>
</tr>
</tbody>
</table>
",,0,0.0,0.0,,unknown,Unknown,,,,0,Release Notes,,No,,2025-10-31T07:00:59,October 2025 Security Updates,2025-11-15T18:34:29.908897
CVE-2025-59288,Playwright Spoofing Vulnerability,,"<p><strong>According to the CVSS score, the attack vector is adjacent (AV:A). What does this mean for this vulnerability?</strong></p>
<p>This attack is limited to systems connected to the same network segment as the attacker. The attack cannot be performed across multiple networks (for example, a WAN) and would be limited to systems on the same network switch or virtual network.</p>
",Moderate,2,5.3,4.9,CVSS:3.1/AV:A/AC:H/PR:N/UI:N/S:U/C:H/I:N/A:N/E:U/RC:C,exploitation_less_likely,Publicly Disclosed:No;Exploited:No;Latest Software Release:Exploitation Less Likely,Spoofing,,,0,Repo,,Maybe,"{'Value': '<a href=""https://www.linkedin.com/in/jonathan-leitschuh/"">Jonathan Leitschuh</a> with <a href=""https://socket.dev/"">Socket</a>'}",2025-10-31T07:00:59,October 2025 Security Updates,2025-11-15T18:34:29.908904
CVE-2025-59290,Windows Bluetooth Service Elevation of Privilege Vulnerability,,"<p><strong>What privileges could be gained by an attacker who successfully exploited this vulnerability?</strong></p>
<p>An attacker who successfully exploited this vulnerability could gain SYSTEM privileges.</p>
",Important,3,7.8,6.8,CVSS:3.1/AV:L/AC:L/PR:L/UI:N/S:U/C:H/I:H/A:H/E:U/RL:O/RC:C,exploitation_less_likely,Publicly Disclosed:No;Exploited:No;Latest Software Release:Exploitation Less Likely,Elevation of Privilege,,,0,5065432; 5065306; 5065429; 5065431; 5065426; 5065474; 5065425,5063880; 5063812; 5063709; 5063875; 5063878; 5064010; 5063899,Yes,{'Value': 'Zhiniang Peng with HUST &amp; R4nger with CyberKunLun'},2025-10-31T07:00:59,October 2025 Security Updates,2025-11-15T18:34:29.908920
CVE-2025-59291,Confidential Azure Container Instances Elevation of Privilege Vulnerability,,"<p><strong>What actions need to be taken to mitigate this vulnerability?</strong></p>
<p>To ensure secure and compliant use of Confidential virtual nodes on Azure Container Instances, customers must take the following actions:</p>
<h3 id=""update-helm-charts""><strong>1. Update Helm Charts</strong></h3>
<ul>
<li>If you are using Confidential virtual nodes, update to Helm chart version 1.3012.25080101 or later.</li>
<li>Follow the deployment instructions provided in the <a href=""https://github.com/microsoft/virtualnodesOnAzureContainerInstances"">https://github.com/microsoft/virtualnodesOnAzureContainerInstances</a> repository.</li>
</ul>
<h3 id=""regenerate-cce-policy""><strong>2. Regenerate CCE Policy</strong></h3>
<p>If you are using Confidential ACI or Confidential virtual nodes, you must regenerate your Confidential Compute Environment (CCE) policy with a minimum infrastructure fragment SVN of 4.</p>
<p>To do this:</p>
<p><strong>1. Update the Azure CLI confcom extension to version 1.2.8 or later:</strong></p>
<ul>
<li>
<pre><code>  	*az extension update --name confcomShow more lines*
</code></pre>
</li>
</ul>
<p>Alternatively, you can manually set the infrastructure SVN using:</p>
<ul>
<li>
<pre><code>  		*--infrastructure-svn 4*
</code></pre>
</li>
</ul>
<p><strong>2. Regenerate the CCE policy using either an ARM template or YAML file, depending on your deployment method.</strong></p>
<p><strong>3. Update any dependent key release policies, such as those using x-ms-sevsnpvm-hostdata claim checks in a Managed HSM (mHSM) key release policy.</strong></p>
<p><strong>4. Re-deploy your workload to apply the updated policy and configuration.</strong></p>
",Critical,4,8.2,7.1,CVSS:3.1/AV:L/AC:L/PR:H/UI:N/S:C/C:H/I:H/A:H/E:U/RL:O/RC:C,exploitation_less_likely,Publicly Disclosed:No;Exploited:No;Latest Software Release:Exploitation Less Likely,Elevation of Privilege,,,0,,,Unknown,{'Value': 'Microsoft Offensive Research &amp; Security Engineering'}; {'Value': 'Microsoft Offensive Research &amp; Security Engineering'},2025-10-31T07:00:59,October 2025 Security Updates,2025-11-15T18:34:29.908929
CVE-2025-59292,Azure Compute Gallery Elevation of Privilege Vulnerability,,"<p><strong>What actions need to be taken to mitigate this vulnerability?</strong></p>
<p>To ensure secure and compliant use of Confidential virtual nodes on Azure Container Instances, customers must take the following actions:</p>
<h3 id=""update-helm-charts""><strong>1. Update Helm Charts</strong></h3>
<ul>
<li>If you are using Confidential virtual nodes, update to Helm chart version 1.3012.25080101 or later.</li>
<li>Follow the deployment instructions provided in the <a href=""https://github.com/microsoft/virtualnodesOnAzureContainerInstances"">https://github.com/microsoft/virtualnodesOnAzureContainerInstances</a> repository.</li>
</ul>
<h3 id=""regenerate-cce-policy""><strong>2. Regenerate CCE Policy</strong></h3>
<p>If you are using Confidential ACI or Confidential virtual nodes, you must regenerate your Confidential Compute Environment (CCE) policy with a minimum infrastructure fragment SVN of 4.</p>
<p>To do this:</p>
<p><strong>1. Update the Azure CLI confcom extension to version 1.2.8 or later:</strong></p>
<ul>
<li>
<pre><code>  	*az extension update --name confcomShow more lines*
</code></pre>
</li>
</ul>
<p>Alternatively, you can manually set the infrastructure SVN using:</p>
<ul>
<li>
<pre><code>  		*--infrastructure-svn 4*
</code></pre>
</li>
</ul>
<p><strong>2. Regenerate the CCE policy using either an ARM template or YAML file, depending on your deployment method.</strong></p>
<p><strong>3. Update any dependent key release policies, such as those using x-ms-sevsnpvm-hostdata claim checks in a Managed HSM (mHSM) key release policy.</strong></p>
<p><strong>4. Re-deploy your workload to apply the updated policy and configuration.</strong></p>
",Critical,4,8.2,7.1,CVSS:3.1/AV:L/AC:L/PR:H/UI:N/S:C/C:H/I:H/A:H/E:U/RL:O/RC:C,exploitation_less_likely,Publicly Disclosed:No;Exploited:No;Latest Software Release:Exploitation Less Likely,Elevation of Privilege,,,0,,,Unknown,{'Value': 'Microsoft Offensive Research &amp; Security Engineering'}; {'Value': 'Microsoft Offensive Research &amp; Security Engineering'},2025-10-31T07:00:59,October 2025 Security Updates,2025-11-15T18:34:29.908937
CVE-2025-59294,Windows Taskbar Live Preview Information Disclosure Vulnerability,,"<p><strong>According to the CVSS metric, user interaction is required (UI:R). What interaction would the user have to do?</strong></p>
<p>A user would need to physically access the device after the user has hovered over a taskbar preview and then locked the screen or put the device to sleep, potentially exposing the application window on the lock screen.</p>
",Important,3,2.1,1.9,CVSS:3.1/AV:P/AC:L/PR:N/UI:R/S:U/C:L/I:N/A:N/E:U/RL:O/RC:C,exploitation_unlikely,Publicly Disclosed:No;Exploited:No;Latest Software Release:Exploitation Unlikely,Information Disclosure,,,0,5066586; 5066782; 5066791; 5066793; 5066791; 5066835; 5066835; 5066793; 5066780; 5066837; 5066836,5065428; 5065432; 5065429; 5065431; 5065429; 5065426; 5065431; 5065425; 5065430; 5065427,Yes,{'Value': 'Ludwig'}; {'Value': 'Andrew Haigh with Aptean'}; {'Value': 'PeterAS17 with https://www.peteras17.me/'}; {'Value': 'Andrew Haigh with Aptean'}; {'Value': 'Anthony Juanelli'},2025-10-31T07:00:59,October 2025 Security Updates,2025-11-15T18:34:29.908959
CVE-2025-59295,Windows URL Parsing Remote Code Execution Vulnerability,,"<p><strong>The Security Updates table indicates that this vulnerability affects all supported versions of Microsoft Windows. Why are IE Cumulative updates listed for Windows Server 2008, Windows Server 2008 R2, Windows Server 2012, and Windows Server 2012 R2?</strong></p>
<p>While Microsoft has announced retirement of the Internet Explorer 11 application on certain platforms and the Microsoft Edge Legacy application is deprecated, the underlying MSHTML, EdgeHTML, and scripting platforms are still supported. The MSHTML platform is used by Internet Explorer mode in Microsoft Edge as well as other applications through WebBrowser control. The EdgeHTML platform is used by WebView and some UWP applications. The scripting platforms are used by MSHTML and EdgeHTML but can also be used by other legacy applications. Updates to address vulnerabilities in the MSHTML platform and scripting engine are included in the IE Cumulative Updates; EdgeHTML and Chakra changes are not applicable to those platforms.</p>
<p>To stay fully protected, we recommend that customers who install Security Only updates install the IE Cumulative updates for this vulnerability.</p>
",Important,3,8.8,7.7,CVSS:3.1/AV:N/AC:L/PR:N/UI:R/S:U/C:H/I:H/A:H/E:U/RL:O/RC:C,exploitation_less_likely,Publicly Disclosed:No;Exploited:No;Latest Software Release:Exploitation Less Likely,Remote Code Execution,,,0,5066835; 5066586; 5066782; 5066791; 5066793; 5066791; 5066835; 5066793; 5066780; 5066837; 5066836; 5066874; 5066877; 5066840; 5066872; 5066876; 5066875; 5066873,5065428; 5065432; 5065429; 5065431; 5065429; 5065426; 5065431; 5065425; 5065430; 5065427; 5065508; 5065435; 5065468; 5065509; 5065507,Yes,"{'Value': '<a href=""https://twitter.com/j00sean"">j00sean</a>'}; {'Value': '<a href=""https://x.com/h4urek"">h4urek</a>'}; {'Value': '<a href=""https://twitter.com/j00sean"">j00sean</a>'}",2025-10-31T07:00:59,October 2025 Security Updates,2025-11-15T18:34:29.908987
CVE-2025-59494,Azure Monitor Agent Elevation of Privilege Vulnerability,,"<p><strong>What privileges could be gained by an attacker who successfully exploited the vulnerability?</strong></p>
<p>A successful exploitation of this vulnerability allows a regular user on an Arc-enabled VM to read any file on the system with NT SYSTEM privileges.</p>
",Important,3,7.8,6.8,CVSS:3.1/AV:L/AC:L/PR:L/UI:N/S:U/C:H/I:H/A:H/E:U/RL:O/RC:C,exploitation_less_likely,Publicly Disclosed:No;Exploited:No;Latest Software Release:Exploitation Less Likely,Elevation of Privilege,,,0,Release Notes,,Maybe,{'Value': 'Michal Kamensky with Microsoft'},2025-10-31T07:00:59,October 2025 Security Updates,2025-11-15T18:34:29.908994
CVE-2016-9535,MITRE CVE-2016-9535: LibTIFF Heap Buffer Overflow Vulnerability,,,Critical,4,4.0,4.0,CVSS:3.1/AV:L/AC:L/PR:N/UI:N/S:U/C:N/I:N/A:L,exploitation_unlikely,Publicly Disclosed:No;Exploited:No;Latest Software Release:Exploitation Unlikely,Remote Code Execution,,,0,5066586; 5066782; 5066791; 5066793; 5066791; 5066835; 5066835; 5066793; 5066780; 5066837; 5066836; 5066874; 5066877; 5066872; 5066876; 5066875; 5066873,5065428; 5065432; 5065429; 5065431; 5065429; 5065426; 5065431; 5065425; 5065430; 5065427; 5065508; 5065468; 5065509; 5065507,Yes,{'Value': 'Anonymous'},2025-10-31T07:00:59,October 2025 Security Updates,2025-11-15T18:34:29.909024
CVE-2025-11460,Chromium: CVE-2025-11460 Use after free in Storage,,"<p><strong>What is the version information for this release?</strong></p>
<table>
<thead>
<tr>
<th>Microsoft Edge Version</th>
<th>Date Released</th>
<th>Based on Chromium Version</th>
</tr>
</thead>
<tbody>
<tr>
<td>141.0.3537.71</td>
<td>10/9/2025</td>
<td>141.0.7390.65/.66</td>
</tr>
</tbody>
</table>
",,0,0.0,0.0,,unknown,Unknown,,,,0,Release Notes,,No,,2025-10-31T07:00:59,October 2025 Security Updates,2025-11-15T18:34:29.909030
CVE-2025-11458,Chromium: CVE-2025-11458 Heap buffer overflow in Sync,,"<p><strong>What is the version information for this release?</strong></p>
<table>
<thead>
<tr>
<th>Microsoft Edge Version</th>
<th>Date Released</th>
<th>Based on Chromium Version</th>
</tr>
</thead>
<tbody>
<tr>
<td>141.0.3537.71</td>
<td>10/9/2025</td>
<td>141.0.7390.65/.66</td>
</tr>
</tbody>
</table>
",,0,0.0,0.0,,unknown,Unknown,,,,0,Release Notes,,No,,2025-10-31T07:00:59,October 2025 Security Updates,2025-11-15T18:34:29.909036
CVE-2025-59502,Remote Procedure Call Denial of Service Vulnerability,,,Moderate,2,7.5,6.5,CVSS:3.1/AV:N/AC:L/PR:N/UI:N/S:U/C:N/I:N/A:H/E:U/RL:O/RC:C,exploitation_more_likely,Publicly Disclosed:No;Exploited:No;Latest Software Release:Exploitation More Likely,Denial of Service,,,0,5065428; 5065432; 5065306; 5065429; 5065431; 5065426; 5065474; 5065425,5063877; 5063880; 5063812; 5063709; 5063875; 5063878; 5064010; 5063899,Yes,"{'Value': '<a href=""https://www.linkedin.com/in/or-yair"">Or Yair</a> with <a href=""https://www.safebreach.com/"">SafeBreach</a>'}",2025-10-31T07:00:59,October 2025 Security Updates,2025-11-15T18:34:29.909053
CVE-2025-12444,Chromium: CVE-2025-12444 Incorrect security UI in Fullscreen UI,,"<p><strong>Why is this Chrome CVE included in the Security Update Guide?</strong></p>
<p>The vulnerability assigned to this CVE is in Chromium Open Source Software (OSS) which is consumed by Microsoft Edge (Chromium-based). It is being documented in the Security Update Guide to announce that the latest version of Microsoft Edge (Chromium-based) is no longer vulnerable.</p>
<p><strong>How can I see the version of the browser?</strong></p>
<ol>
<li>In your Microsoft Edge browser, click on the 3 dots (...) on the very right-hand side of the window</li>
<li>Click on <strong>Help and Feedback</strong></li>
<li>Click on <strong>About Microsoft Edge</strong></li>
</ol>
",,0,0.0,0.0,,unknown,Unknown,,,,0,Release Notes,,No,,2025-10-31T07:00:59,October 2025 Security Updates,2025-11-15T18:34:29.909058
CVE-2025-12447,Chromium: CVE-2025-12447 Incorrect security UI in Omnibox,,"<p><strong>Why is this Chrome CVE included in the Security Update Guide?</strong></p>
<p>The vulnerability assigned to this CVE is in Chromium Open Source Software (OSS) which is consumed by Microsoft Edge (Chromium-based). It is being documented in the Security Update Guide to announce that the latest version of Microsoft Edge (Chromium-based) is no longer vulnerable.</p>
<p><strong>How can I see the version of the browser?</strong></p>
<ol>
<li>In your Microsoft Edge browser, click on the 3 dots (...) on the very right-hand side of the window</li>
<li>Click on <strong>Help and Feedback</strong></li>
<li>Click on <strong>About Microsoft Edge</strong></li>
</ol>
",,0,0.0,0.0,,unknown,Unknown,,,,0,Release Notes,,No,,2025-10-31T07:00:59,October 2025 Security Updates,2025-11-15T18:34:29.909065
CVE-2025-12446,Chromium: CVE-2025-12446 Incorrect security UI in SplitView,,"<p><strong>Why is this Chrome CVE included in the Security Update Guide?</strong></p>
<p>The vulnerability assigned to this CVE is in Chromium Open Source Software (OSS) which is consumed by Microsoft Edge (Chromium-based). It is being documented in the Security Update Guide to announce that the latest version of Microsoft Edge (Chromium-based) is no longer vulnerable.</p>
<p><strong>How can I see the version of the browser?</strong></p>
<ol>
<li>In your Microsoft Edge browser, click on the 3 dots (...) on the very right-hand side of the window</li>
<li>Click on <strong>Help and Feedback</strong></li>
<li>Click on <strong>About Microsoft Edge</strong></li>
</ol>
",,0,0.0,0.0,,unknown,Unknown,,,,0,Release Notes,,No,,2025-10-31T07:00:59,October 2025 Security Updates,2025-11-15T18:34:29.909071
CVE-2025-12445,Chromium: CVE-2025-12445 Policy bypass in Extensions,,"<p><strong>Why is this Chrome CVE included in the Security Update Guide?</strong></p>
<p>The vulnerability assigned to this CVE is in Chromium Open Source Software (OSS) which is consumed by Microsoft Edge (Chromium-based). It is being documented in the Security Update Guide to announce that the latest version of Microsoft Edge (Chromium-based) is no longer vulnerable.</p>
<p><strong>How can I see the version of the browser?</strong></p>
<ol>
<li>In your Microsoft Edge browser, click on the 3 dots (...) on the very right-hand side of the window</li>
<li>Click on <strong>Help and Feedback</strong></li>
<li>Click on <strong>About Microsoft Edge</strong></li>
</ol>
",,0,0.0,0.0,,unknown,Unknown,,,,0,Release Notes,,No,,2025-10-31T07:00:59,October 2025 Security Updates,2025-11-15T18:34:29.909077
CVE-2025-12443,Chromium: CVE-2025-12433 Inappropriate implementation in V8,,"<p><strong>Why is this Chrome CVE included in the Security Update Guide?</strong></p>
<p>The vulnerability assigned to this CVE is in Chromium Open Source Software (OSS) which is consumed by Microsoft Edge (Chromium-based). It is being documented in the Security Update Guide to announce that the latest version of Microsoft Edge (Chromium-based) is no longer vulnerable.</p>
<p><strong>How can I see the version of the browser?</strong></p>
<ol>
<li>In your Microsoft Edge browser, click on the 3 dots (...) on the very right-hand side of the window</li>
<li>Click on <strong>Help and Feedback</strong></li>
<li>Click on <strong>About Microsoft Edge</strong></li>
</ol>
",,0,0.0,0.0,,unknown,Unknown,,,,0,Release Notes,,No,,2025-10-31T07:00:59,October 2025 Security Updates,2025-11-15T18:34:29.909083
CVE-2025-12441,Chromium: CVE-2025-12441 Out of bounds read in V8,,"<p><strong>Why is this Chrome CVE included in the Security Update Guide?</strong></p>
<p>The vulnerability assigned to this CVE is in Chromium Open Source Software (OSS) which is consumed by Microsoft Edge (Chromium-based). It is being documented in the Security Update Guide to announce that the latest version of Microsoft Edge (Chromium-based) is no longer vulnerable.</p>
<p><strong>How can I see the version of the browser?</strong></p>
<ol>
<li>In your Microsoft Edge browser, click on the 3 dots (...) on the very right-hand side of the window</li>
<li>Click on <strong>Help and Feedback</strong></li>
<li>Click on <strong>About Microsoft Edge</strong></li>
</ol>
",,0,0.0,0.0,,unknown,Unknown,,,,0,Release Notes,,No,,2025-10-31T07:00:59,October 2025 Security Updates,2025-11-15T18:34:29.909088
CVE-2025-12440,Chromium: CVE-2025-12440 Inappropriate implementation in Autofill,,"<p><strong>Why is this Chrome CVE included in the Security Update Guide?</strong></p>
<p>The vulnerability assigned to this CVE is in Chromium Open Source Software (OSS) which is consumed by Microsoft Edge (Chromium-based). It is being documented in the Security Update Guide to announce that the latest version of Microsoft Edge (Chromium-based) is no longer vulnerable.</p>
<p><strong>How can I see the version of the browser?</strong></p>
<ol>
<li>In your Microsoft Edge browser, click on the 3 dots (...) on the very right-hand side of the window</li>
<li>Click on <strong>Help and Feedback</strong></li>
<li>Click on <strong>About Microsoft Edge</strong></li>
</ol>
",,0,0.0,0.0,,unknown,Unknown,,,,0,Release Notes,,No,,2025-10-31T07:00:59,October 2025 Security Updates,2025-11-15T18:34:29.909097
CVE-2025-12439,Chromium: CVE-2025-12439 Inappropriate implementation in App-Bound Encryption,,"<p><strong>Why is this Chrome CVE included in the Security Update Guide?</strong></p>
<p>The vulnerability assigned to this CVE is in Chromium Open Source Software (OSS) which is consumed by Microsoft Edge (Chromium-based). It is being documented in the Security Update Guide to announce that the latest version of Microsoft Edge (Chromium-based) is no longer vulnerable.</p>
<p><strong>How can I see the version of the browser?</strong></p>
<ol>
<li>In your Microsoft Edge browser, click on the 3 dots (...) on the very right-hand side of the window</li>
<li>Click on <strong>Help and Feedback</strong></li>
<li>Click on <strong>About Microsoft Edge</strong></li>
</ol>
",,0,0.0,0.0,,unknown,Unknown,,,,0,Release Notes,,No,,2025-10-31T07:00:59,October 2025 Security Updates,2025-11-15T18:34:29.909103
CVE-2025-12434,Chromium: CVE-2025-12434 Race in Storage,,"<p><strong>Why is this Chrome CVE included in the Security Update Guide?</strong></p>
<p>The vulnerability assigned to this CVE is in Chromium Open Source Software (OSS) which is consumed by Microsoft Edge (Chromium-based). It is being documented in the Security Update Guide to announce that the latest version of Microsoft Edge (Chromium-based) is no longer vulnerable.</p>
<p><strong>How can I see the version of the browser?</strong></p>
<ol>
<li>In your Microsoft Edge browser, click on the 3 dots (...) on the very right-hand side of the window</li>
<li>Click on <strong>Help and Feedback</strong></li>
<li>Click on <strong>About Microsoft Edge</strong></li>
</ol>
",,0,0.0,0.0,,unknown,Unknown,,,,0,Release Notes,,No,,2025-10-31T07:00:59,October 2025 Security Updates,2025-11-15T18:34:29.909109
CVE-2025-12435,Chromium: CVE-2025-12435 Incorrect security UI in Omnibox,,"<p><strong>Why is this Chrome CVE included in the Security Update Guide?</strong></p>
<p>The vulnerability assigned to this CVE is in Chromium Open Source Software (OSS) which is consumed by Microsoft Edge (Chromium-based). It is being documented in the Security Update Guide to announce that the latest version of Microsoft Edge (Chromium-based) is no longer vulnerable.</p>
<p><strong>How can I see the version of the browser?</strong></p>
<ol>
<li>In your Microsoft Edge browser, click on the 3 dots (...) on the very right-hand side of the window</li>
<li>Click on <strong>Help and Feedback</strong></li>
<li>Click on <strong>About Microsoft Edge</strong></li>
</ol>
",,0,0.0,0.0,,unknown,Unknown,,,,0,Release Notes,,No,,2025-10-31T07:00:59,October 2025 Security Updates,2025-11-15T18:34:29.909114
CVE-2025-12436,Chromium: CVE-2025-12436 Policy bypass in Extensions,,"<p><strong>Why is this Chrome CVE included in the Security Update Guide?</strong></p>
<p>The vulnerability assigned to this CVE is in Chromium Open Source Software (OSS) which is consumed by Microsoft Edge (Chromium-based). It is being documented in the Security Update Guide to announce that the latest version of Microsoft Edge (Chromium-based) is no longer vulnerable.</p>
<p><strong>How can I see the version of the browser?</strong></p>
<ol>
<li>In your Microsoft Edge browser, click on the 3 dots (...) on the very right-hand side of the window</li>
<li>Click on <strong>Help and Feedback</strong></li>
<li>Click on <strong>About Microsoft Edge</strong></li>
</ol>
",,0,0.0,0.0,,unknown,Unknown,,,,0,Release Notes,,No,,2025-10-31T07:00:59,October 2025 Security Updates,2025-11-15T18:34:29.909121
CVE-2025-12437,Chromium: CVE-2025-12437 Use after free in PageInfo,,"<p><strong>Why is this Chrome CVE included in the Security Update Guide?</strong></p>
<p>The vulnerability assigned to this CVE is in Chromium Open Source Software (OSS) which is consumed by Microsoft Edge (Chromium-based). It is being documented in the Security Update Guide to announce that the latest version of Microsoft Edge (Chromium-based) is no longer vulnerable.</p>
<p><strong>How can I see the version of the browser?</strong></p>
<ol>
<li>In your Microsoft Edge browser, click on the 3 dots (...) on the very right-hand side of the window</li>
<li>Click on <strong>Help and Feedback</strong></li>
<li>Click on <strong>About Microsoft Edge</strong></li>
</ol>
",,0,0.0,0.0,,unknown,Unknown,,,,0,Release Notes,,No,,2025-10-31T07:00:59,October 2025 Security Updates,2025-11-15T18:34:29.909127
CVE-2025-12438,Chromium: CVE-2025-12438 Use after free in Ozone,,"<p><strong>Why is this Chrome CVE included in the Security Update Guide?</strong></p>
<p>The vulnerability assigned to this CVE is in Chromium Open Source Software (OSS) which is consumed by Microsoft Edge (Chromium-based). It is being documented in the Security Update Guide to announce that the latest version of Microsoft Edge (Chromium-based) is no longer vulnerable.</p>
<p><strong>How can I see the version of the browser?</strong></p>
<ol>
<li>In your Microsoft Edge browser, click on the 3 dots (...) on the very right-hand side of the window</li>
<li>Click on <strong>Help and Feedback</strong></li>
<li>Click on <strong>About Microsoft Edge</strong></li>
</ol>
",,0,0.0,0.0,,unknown,Unknown,,,,0,Release Notes,,No,,2025-10-31T07:00:59,October 2025 Security Updates,2025-11-15T18:34:29.909132
CVE-2025-12433,Chromium: CVE-2025-12433 Inappropriate implementation in V8,,"<p><strong>Why is this Chrome CVE included in the Security Update Guide?</strong></p>
<p>The vulnerability assigned to this CVE is in Chromium Open Source Software (OSS) which is consumed by Microsoft Edge (Chromium-based). It is being documented in the Security Update Guide to announce that the latest version of Microsoft Edge (Chromium-based) is no longer vulnerable.</p>
<p><strong>How can I see the version of the browser?</strong></p>
<ol>
<li>In your Microsoft Edge browser, click on the 3 dots (...) on the very right-hand side of the window</li>
<li>Click on <strong>Help and Feedback</strong></li>
<li>Click on <strong>About Microsoft Edge</strong></li>
</ol>
",,0,0.0,0.0,,unknown,Unknown,,,,0,Release Notes,,No,,2025-10-31T07:00:59,October 2025 Security Updates,2025-11-15T18:34:29.909138
CVE-2025-12431,Chromium: CVE-2025-12431 Inappropriate implementation in Extensions,,"<p><strong>Why is this Chrome CVE included in the Security Update Guide?</strong></p>
<p>The vulnerability assigned to this CVE is in Chromium Open Source Software (OSS) which is consumed by Microsoft Edge (Chromium-based). It is being documented in the Security Update Guide to announce that the latest version of Microsoft Edge (Chromium-based) is no longer vulnerable.</p>
<p><strong>How can I see the version of the browser?</strong></p>
<ol>
<li>In your Microsoft Edge browser, click on the 3 dots (...) on the very right-hand side of the window</li>
<li>Click on <strong>Help and Feedback</strong></li>
<li>Click on <strong>About Microsoft Edge</strong></li>
</ol>
",,0,0.0,0.0,,unknown,Unknown,,,,0,Release Notes,,No,,2025-10-31T07:00:59,October 2025 Security Updates,2025-11-15T18:34:29.909143
CVE-2025-12430,Chromium: CVE-2025-12430 Object lifecycle issue in Media,,"<p><strong>Why is this Chrome CVE included in the Security Update Guide?</strong></p>
<p>The vulnerability assigned to this CVE is in Chromium Open Source Software (OSS) which is consumed by Microsoft Edge (Chromium-based). It is being documented in the Security Update Guide to announce that the latest version of Microsoft Edge (Chromium-based) is no longer vulnerable.</p>
<p><strong>How can I see the version of the browser?</strong></p>
<ol>
<li>In your Microsoft Edge browser, click on the 3 dots (...) on the very right-hand side of the window</li>
<li>Click on <strong>Help and Feedback</strong></li>
<li>Click on <strong>About Microsoft Edge</strong></li>
</ol>
",,0,0.0,0.0,,unknown,Unknown,,,,0,Release Notes,,No,,2025-10-31T07:00:59,October 2025 Security Updates,2025-11-15T18:34:29.909148
CVE-2025-12432,Chromium: CVE-2025-12432 Race in V8,,"<p><strong>Why is this Chrome CVE included in the Security Update Guide?</strong></p>
<p>The vulnerability assigned to this CVE is in Chromium Open Source Software (OSS) which is consumed by Microsoft Edge (Chromium-based). It is being documented in the Security Update Guide to announce that the latest version of Microsoft Edge (Chromium-based) is no longer vulnerable.</p>
<p><strong>How can I see the version of the browser?</strong></p>
<ol>
<li>In your Microsoft Edge browser, click on the 3 dots (...) on the very right-hand side of the window</li>
<li>Click on <strong>Help and Feedback</strong></li>
<li>Click on <strong>About Microsoft Edge</strong></li>
</ol>
",,0,0.0,0.0,,unknown,Unknown,,,,0,Release Notes,,No,,2025-10-31T07:00:59,October 2025 Security Updates,2025-11-15T18:34:29.909156
CVE-2025-12429,Chromium: CVE-2025-12429 Inappropriate implementation in V8,,"<p><strong>Why is this Chrome CVE included in the Security Update Guide?</strong></p>
<p>The vulnerability assigned to this CVE is in Chromium Open Source Software (OSS) which is consumed by Microsoft Edge (Chromium-based). It is being documented in the Security Update Guide to announce that the latest version of Microsoft Edge (Chromium-based) is no longer vulnerable.</p>
<p><strong>How can I see the version of the browser?</strong></p>
<ol>
<li>In your Microsoft Edge browser, click on the 3 dots (...) on the very right-hand side of the window</li>
<li>Click on <strong>Help and Feedback</strong></li>
<li>Click on <strong>About Microsoft Edge</strong></li>
</ol>
",,0,0.0,0.0,,unknown,Unknown,,,,0,Release Notes,,No,,2025-10-31T07:00:59,October 2025 Security Updates,2025-11-15T18:34:29.909165
CVE-2025-12428,Chromium: CVE-2025-12428 Type Confusion in V8,,"<p><strong>Why is this Chrome CVE included in the Security Update Guide?</strong></p>
<p>The vulnerability assigned to this CVE is in Chromium Open Source Software (OSS) which is consumed by Microsoft Edge (Chromium-based). It is being documented in the Security Update Guide to announce that the latest version of Microsoft Edge (Chromium-based) is no longer vulnerable.</p>
<p><strong>How can I see the version of the browser?</strong></p>
<ol>
<li>In your Microsoft Edge browser, click on the 3 dots (...) on the very right-hand side of the window</li>
<li>Click on <strong>Help and Feedback</strong></li>
<li>Click on <strong>About Microsoft Edge</strong></li>
</ol>
",,0,0.0,0.0,,unknown,Unknown,,,,0,Release Notes,,No,,2025-10-31T07:00:59,October 2025 Security Updates,2025-11-15T18:34:29.909171
CVE-2025-48813,Virtual Secure Mode Spoofing Vulnerability,,"<p><strong>According to the CVSS metric, the attack complexity is high (AC:H). What does that mean for this vulnerability?</strong></p>
<p>Successful exploitation of this vulnerability requires an attacker to prepare the target environment to improve exploit reliability.</p>
",Important,3,6.3,5.5,CVSS:3.1/AV:L/AC:H/PR:L/UI:N/S:U/C:H/I:H/A:N/E:U/RL:O/RC:C,exploitation_less_likely,Publicly Disclosed:No;Exploited:No;Latest Software Release:Exploitation Less Likely,Spoofing,,,0,5066835; 5066586; 5066782; 5066791; 5066793; 5066791; 5066835; 5066793; 5066780,5065428; 5065432; 5065429; 5065431; 5065429; 5065426; 5065431; 5065425,Yes,,2025-10-31T07:00:59,October 2025 Security Updates,2025-11-15T18:34:29.909188
CVE-2025-25004,PowerShell Elevation of Privilege Vulnerability,,"<p><strong>According to the CVSS metric, user interaction is required (UI:R) and privileges required is Low (PR:L). What does that mean for this vulnerability?</strong></p>
<p>An authenticated attacker could place a malicious file in a specified custom module path and then wait for a user to run a privileged .NET application that starts a PowerShell session under <code>NT AUTHORITY\SYSTEM</code> privileges</p>
",Important,3,7.3,6.4,CVSS:3.1/AV:L/AC:L/PR:L/UI:R/S:U/C:H/I:H/A:H/E:U/RL:O/RC:C,exploitation_less_likely,Publicly Disclosed:No;Exploited:No;Latest Software Release:Exploitation Less Likely,Elevation of Privilege,,,0,5066586; 5066782; 5066791; 5066793; 5066791; 5066835; 5066835; 5066793; 5066780; 5066837; 5066836; 5066874; 5066877; 5066872; 5066876; 5066875; 5066873; Release Notes; Release Notes,5065428; 5065432; 5065429; 5065431; 5065429; 5065426; 5065431; 5065425; 5065430; 5065427; 5065508; 5065468; 5065509; 5065507,Maybe,{'Value': 'Casper'}; {'Value': 'tsuki'}; {'Value': 'tsuki'},2025-10-31T07:00:59,October 2025 Security Updates,2025-11-15T18:34:29.909220
CVE-2025-53717,Windows Virtualization-Based Security (VBS) Enclave Elevation of Privilege Vulnerability,,"<p><strong>According to the CVSS metric, the attack complexity is high (AC:H). What does that mean for this vulnerability?</strong></p>
<p>Successful exploitation of this vulnerability requires an attacker to prepare the target environment to improve exploit reliability.</p>
",Important,3,7.0,6.1,CVSS:3.1/AV:L/AC:H/PR:L/UI:N/S:U/C:H/I:H/A:H/E:U/RL:O/RC:C,exploitation_less_likely,Publicly Disclosed:No;Exploited:No;Latest Software Release:Exploitation Less Likely,Elevation of Privilege,,,0,5066835; 5066793; 5066793; 5066835,5065431; 5065431; 5065426,Yes,{'Value': 'Microsoft Offensive Research &amp; Security Engineering'},2025-10-31T07:00:59,October 2025 Security Updates,2025-11-15T18:34:29.909232
CVE-2025-50152,Windows Kernel Elevation of Privilege Vulnerability,,"<p><strong>What privileges could be gained by an attacker who successfully exploited this vulnerability?</strong></p>
<p>An attacker who successfully exploited this vulnerability could gain SYSTEM privileges.</p>
",Important,3,7.8,6.8,CVSS:3.1/AV:L/AC:L/PR:L/UI:N/S:U/C:H/I:H/A:H/E:U/RL:O/RC:C,exploitation_less_likely,Publicly Disclosed:No;Exploited:No;Latest Software Release:Exploitation Less Likely,Elevation of Privilege,,,0,5066586; 5066782; 5066791; 5066793; 5066791; 5066835; 5066793; 5066780; 5066837; 5066836; 5066835,5065428; 5065432; 5065429; 5065431; 5065429; 5065426; 5065431; 5065425; 5065430; 5065427,Yes,{'Value': 'Anonymous'},2025-10-31T07:00:59,October 2025 Security Updates,2025-11-15T18:34:29.909253
CVE-2025-53150,Windows Digital Media Elevation of Privilege Vulnerability,,"<p><strong>What privileges could be gained by an attacker who successfully exploited this vulnerability?</strong></p>
<p>An attacker who successfully exploited this vulnerability could elevate from a low integrity level up to a medium integrity level.</p>
",Important,3,7.8,6.8,CVSS:3.1/AV:L/AC:L/PR:L/UI:N/S:U/C:H/I:H/A:H/E:U/RL:O/RC:C,exploitation_less_likely,Publicly Disclosed:No;Exploited:No;Latest Software Release:Exploitation Less Likely,Elevation of Privilege,,,0,5066835; 5066586; 5066791; 5066793; 5066791; 5066835; 5066793; 5066780,5065428; 5065429; 5065431; 5065429; 5065426; 5065431; 5065425,Yes,"{'Value': '<a href=""https://linkedin.com/in/jongseongkim"">Jongseong Kim (nevul37)</a> with <a href=""https://www.enki.co.kr/"">Ajou University, and working at ENKI WhiteHat</a>'}; {'Value': '<a href=""https://linkedin.com/in/kdj-abysslab"">Dongjun Kim (smlijun)</a> with <a href=""https://www.enki.co.kr/"">Ajou University, and working at ENKI WhiteHat</a>'}; {'Value': '<a href=""https://www.linkedin.com/in/seongheunh"">Seongheun Hong (seongheunh)</a> with <a href=""https://security.ajou.ac.kr/security/index.do"">Ajou University</a>'}",2025-10-31T07:00:59,October 2025 Security Updates,2025-11-15T18:34:29.909271
CVE-2025-50175,Windows Digital Media Elevation of Privilege Vulnerability,,"<p><strong>What privileges could be gained by an attacker who successfully exploited this vulnerability?</strong></p>
<p>An attacker who successfully exploited this vulnerability could elevate from a low integrity level up to a medium integrity level.</p>
",Important,3,7.8,6.8,CVSS:3.1/AV:L/AC:L/PR:L/UI:N/S:U/C:H/I:H/A:H/E:U/RL:O/RC:C,exploitation_unlikely,Publicly Disclosed:No;Exploited:No;Latest Software Release:Exploitation Unlikely,Elevation of Privilege,,,0,5066586; 5066782; 5066791; 5066793; 5066791; 5066835; 5066793; 5066780; 5066835,5065428; 5065432; 5065429; 5065431; 5065429; 5065426; 5065431; 5065425,Yes,{'Value': 'vipinkumar'},2025-10-31T07:00:59,October 2025 Security Updates,2025-11-15T18:34:29.909290
CVE-2025-53139,Windows Hello Security Feature Bypass Vulnerability,,"<p><strong>What kind of security feature could be bypassed by successfully exploiting this vulnerability?</strong></p>
<p>An attacker who successfully exploited this vulnerability could bypass the Windows Hello Facial and Fingerprint Recognition security feature.</p>
<p><strong>Where can I find more information about Windows Hello Face Authentication?</strong></p>
<p>Please see <a href=""https://docs.microsoft.com/en-us/windows-hardware/design/device-experiences/windows-hello-face-authentication"">Windows Hello Face Authentication</a> and/or <a href=""https://learn.microsoft.com/en-us/windows-hardware/design/device-experiences/windows-hello-fingerprint-authentication"">Windows Hello Fingerprint Authentication</a> for updated details.</p>
",Important,3,7.7,6.7,CVSS:3.1/AV:L/AC:L/PR:N/UI:N/S:U/C:H/I:H/A:N/E:U/RL:O/RC:C,exploitation_less_likely,Publicly Disclosed:No;Exploited:No;Latest Software Release:Exploitation Less Likely,Security Feature Bypass,,,0,5066835; 5066791; 5066793; 5066791; 5066835; 5066793,5065429; 5065431; 5065429; 5065426; 5065431,Yes,"{'Value': '<a href=""https://www.linkedin.com/in/paragmali/"">Parag Mali</a> with <a href=""http://www.microsoft.com/"">Microsoft</a>'}; {'Value': '<a href=""https://www.linkedin.com/in/paragmali/"">Parag Mali</a> with <a href=""http://www.microsoft.com/"">Microsoft</a>'}; {'Value': '<a href=""https://x.com/_ethicalchaos_"">Ceri Coburn</a> with <a href=""https://www.netspi.com/"">NetSPI</a>'}",2025-10-31T07:00:59,October 2025 Security Updates,2025-11-15T18:34:29.909305
CVE-2025-53768,Xbox IStorageService Elevation of Privilege Vulnerability,,"<p><strong>What privileges could be gained by an attacker who successfully exploited this vulnerability?</strong></p>
<p>An attacker who successfully exploited this vulnerability could gain SYSTEM privileges.</p>
",Important,3,7.8,6.8,CVSS:3.1/AV:L/AC:L/PR:L/UI:N/S:U/C:H/I:H/A:H/E:U/RL:O/RC:C,exploitation_unlikely,Publicly Disclosed:No;Exploited:No;Latest Software Release:Exploitation Unlikely,Elevation of Privilege,,,0,5066586; 5066791; 5066793; 5066791; 5066835; 5066793; 5066835; 5066837; 5066836,5065428; 5065429; 5065431; 5065429; 5065431; 5065426; 5065430; 5065427,Yes,{'Value': 'R4nger with CyberKunLun &amp; Zhiniang Peng with HUST'},2025-10-31T07:00:59,October 2025 Security Updates,2025-11-15T18:34:29.909324
CVE-2025-55240,Visual Studio Elevation of Privilege Vulnerability,,"<p><strong>What privileges could be gained by an attacker who successfully exploited the vulnerability?</strong></p>
<p>An attacker who successfully exploited this vulnerability could gain administrator privileges.</p>
",Important,3,7.3,6.4,CVSS:3.1/AV:L/AC:L/PR:L/UI:R/S:U/C:H/I:H/A:H/E:U/RL:O/RC:C,exploitation_unlikely,Publicly Disclosed:No;Exploited:No;Latest Software Release:Exploitation Unlikely,Elevation of Privilege,,,0,Release Notes; Release Notes; Release Notes; Release Notes; Release Notes,,Maybe,"{'Value': 'Polar Penguin'}; {'Value': '<a href=""https://github.com/ycdxsb"">ycdxsb</a>'}",2025-10-31T07:00:59,October 2025 Security Updates,2025-11-15T18:34:29.909337
CVE-2025-55248,".NET, .NET Framework, and Visual Studio Information Disclosure Vulnerability",,"<p><strong>According to the CVSS metric, user interaction is required (UI:R) and privileges required is Low (PR:L). What does that mean for this vulnerability?</strong></p>
<p>An authorized attacker with read/write privileges must send a victim a malicious email, or share the link to a malicious email, and convince them to open it.</p>
",Important,3,4.8,4.2,CVSS:3.1/AV:N/AC:H/PR:L/UI:R/S:U/C:H/I:N/A:N/E:U/RL:O/RC:C,exploitation_less_likely,Publicly Disclosed:No;Exploited:No;Latest Software Release:Exploitation Less Likely,Information Disclosure,,,0,5068331; 5068332; Release Notes; Release Notes; Release Notes; 5066136; 5066739; 5066740; 5066741; 5066738; 5066743; 5066746; 5066747; 5066738; 5066836; 5066742; 5066740; 5066741; 5066743; 5066746; 5066133; 5066747; 5066129; 5066131; 5066742; 5066742; 5066740; 5066741; 5066739; 5066128; 5066128,5065427,Maybe,,2025-10-31T07:00:59,October 2025 Security Updates,2025-11-15T18:34:29.909383
CVE-2025-55326,Windows Connected Devices Platform Service (Cdpsvc) Remote Code Execution Vulnerability,,"<p><strong>According to the CVSS metric, user interaction is required (UI:R). What interaction would the user have to do?</strong></p>
<p>In a web-based attack scenario, an attacker could host a website or server that contains a specially crafted file that is designed to exploit the vulnerability. However, an attacker would have no way to force the user to visit the website. Instead, an attacker would have to convince the user to click a link, typically by way of an enticement in an email or Instant Messenger message, and then convince the user to open the specially crafted file.</p>
",Important,3,7.5,6.5,CVSS:3.1/AV:N/AC:H/PR:N/UI:R/S:U/C:H/I:H/A:H/E:U/RL:O/RC:C,exploitation_less_likely,Publicly Disclosed:No;Exploited:No;Latest Software Release:Exploitation Less Likely,Remote Code Execution,,,0,5066586; 5066782; 5066791; 5066793; 5066791; 5066835; 5066793; 5066780,5065428; 5065432; 5065429; 5065431; 5065429; 5065426; 5065431; 5065425,Yes,"{'Value': '<a href=""https://twitter.com/4zure9"">Azure Yang</a> with <a href=""http://www.cyberkl.com/"">Kunlun Lab</a>'}",2025-10-31T07:00:59,October 2025 Security Updates,2025-11-15T18:34:29.909401
CVE-2025-55328,Windows Hyper-V Elevation of Privilege Vulnerability,,"<p><strong>What privileges could be gained by an attacker who successfully exploited this vulnerability?</strong></p>
<p>An attacker who successfully exploited this vulnerability could gain SYSTEM privileges.</p>
",Important,3,7.8,6.8,CVSS:3.1/AV:L/AC:L/PR:L/UI:N/S:U/C:H/I:H/A:H/E:U/RL:O/RC:C,exploitation_less_likely,Publicly Disclosed:No;Exploited:No;Latest Software Release:Exploitation Less Likely,Elevation of Privilege,,,0,5066835; 5066586; 5066782; 5066791; 5066793; 5066791; 5066835; 5066793; 5066780; 5066837; 5066836,5065428; 5065432; 5065429; 5065431; 5065429; 5065426; 5065431; 5065425; 5065430; 5065427,Yes,{'Value': 'hazard'},2025-10-31T07:00:59,October 2025 Security Updates,2025-11-15T18:34:29.909419
CVE-2025-55330,Windows BitLocker Security Feature Bypass Vulnerability,,"<p><strong>What kind of security feature could be bypassed by successfully exploiting this vulnerability?</strong></p>
<p>A successful attacker could bypass the BitLocker Device Encryption feature on the system storage device. An attacker with physical access to the target could exploit this vulnerability to gain access to encrypted data.</p>
",Important,3,6.1,5.3,CVSS:3.1/AV:P/AC:L/PR:N/UI:N/S:U/C:H/I:H/A:N/E:U/RL:O/RC:C,exploitation_less_likely,Publicly Disclosed:No;Exploited:No;Latest Software Release:Exploitation Less Likely,Security Feature Bypass,,,0,5066835; 5066793; 5066835; 5066793; 5066780,5065431; 5065426; 5065431; 5065425,Yes,"{'Value': '<a href=""https://x.com/alon_leviev"">Alon Leviev</a> with Microsoft (STORM)'}; {'Value': '<a href=""https://x.com/alon_leviev"">Alon Leviev</a> with Microsoft (STORM)'}",2025-10-31T07:00:59,October 2025 Security Updates,2025-11-15T18:34:29.909431
CVE-2025-55331,Windows PrintWorkflowUserSvc Elevation of Privilege Vulnerability,,"<p><strong>What privileges could be gained by an attacker who successfully exploited this vulnerability?</strong></p>
<p>An attacker who successfully exploited this vulnerability could gain SYSTEM privileges.</p>
",Important,3,7.0,6.1,CVSS:3.1/AV:L/AC:H/PR:L/UI:N/S:U/C:H/I:H/A:H/E:U/RL:O/RC:C,exploitation_unlikely,Publicly Disclosed:No;Exploited:No;Latest Software Release:Exploitation Unlikely,Elevation of Privilege,,,0,5066835; 5066782; 5066791; 5066793; 5066791; 5066835; 5066793; 5066780,5065432; 5065429; 5065431; 5065429; 5065426; 5065431; 5065425,Yes,{'Value': 'Taewoo (Tae_ω02)'},2025-10-31T07:00:59,October 2025 Security Updates,2025-11-15T18:34:29.909448
CVE-2025-55332,Windows BitLocker Security Feature Bypass Vulnerability,,"<p><strong>What kind of security feature could be bypassed by successfully exploiting this vulnerability?</strong></p>
<p>A successful attacker could bypass the BitLocker Device Encryption feature on the system storage device. An attacker with physical access to the target could exploit this vulnerability to gain access to encrypted data.</p>
",Important,3,6.1,5.3,CVSS:3.1/AV:P/AC:L/PR:N/UI:N/S:U/C:H/I:H/A:N/E:U/RL:O/RC:C,exploitation_less_likely,Publicly Disclosed:No;Exploited:No;Latest Software Release:Exploitation Less Likely,Security Feature Bypass,,,0,5066835; 5066586; 5066782; 5066791; 5066793; 5066791; 5066835; 5066793; 5066780,5065428; 5065432; 5065429; 5065431; 5065429; 5065426; 5065431; 5065425,Yes,"{'Value': '<a href=""https://x.com/alon_leviev"">Alon Leviev</a> with Microsoft (STORM)'}; {'Value': '<a href=""https://x.com/alon_leviev"">Alon Leviev</a> with Microsoft (STORM)'}",2025-10-31T07:00:59,October 2025 Security Updates,2025-11-15T18:34:29.909468
CVE-2025-55334,Windows Kernel Security Feature Bypass Vulnerability,,"<p><strong>What kind of security feature could be bypassed by successfully exploiting this vulnerability?</strong></p>
<p>An attacker who successfully exploited this vulnerability could decrypt the driver's settings.</p>
",Important,3,6.2,5.4,CVSS:3.1/AV:L/AC:L/PR:N/UI:N/S:U/C:H/I:N/A:N/E:U/RL:O/RC:C,exploitation_less_likely,Publicly Disclosed:No;Exploited:No;Latest Software Release:Exploitation Less Likely,Security Feature Bypass,,,0,5066835; 5066793; 5066793; 5066835,5065431; 5065431; 5065426,Yes,{'Value': 'Microsoft Offensive Research &amp; Security Engineering'},2025-10-31T07:00:59,October 2025 Security Updates,2025-11-15T18:34:29.909479
CVE-2025-55337,Windows BitLocker Security Feature Bypass Vulnerability,,"<p><strong>What kind of security feature could be bypassed by successfully exploiting this vulnerability?</strong></p>
<p>A successful attacker could bypass the BitLocker Device Encryption feature on the system storage device. An attacker with physical access to the target could exploit this vulnerability to gain access to encrypted data.</p>
",Important,3,6.1,5.3,CVSS:3.1/AV:P/AC:L/PR:N/UI:N/S:U/C:H/I:H/A:N/E:U/RL:O/RC:C,exploitation_less_likely,Publicly Disclosed:No;Exploited:No;Latest Software Release:Exploitation Less Likely,Security Feature Bypass,,,0,5066835; 5066835,5065426,Yes,"{'Value': '<a href=""https://x.com/alon_leviev"">Alon Leviev</a> with Microsoft (STORM)'}",2025-10-31T07:00:59,October 2025 Security Updates,2025-11-15T18:34:29.909490
CVE-2025-55678,DirectX Graphics Kernel Elevation of Privilege Vulnerability,,"<p><strong>According to the CVSS metric, the attack complexity is high (AC:H). What does that mean for this vulnerability?</strong></p>
<p>Successful exploitation of this vulnerability requires an attacker to prepare the target environment to improve exploit reliability.</p>
",Important,3,7.0,6.1,CVSS:3.1/AV:L/AC:H/PR:L/UI:N/S:U/C:H/I:H/A:H/E:U/RL:O/RC:C,exploitation_less_likely,Publicly Disclosed:No;Exploited:No;Latest Software Release:Exploitation Less Likely,Elevation of Privilege,,,0,5066835; 5066586; 5066782; 5066791; 5066793; 5066791; 5066835; 5066793; 5066780; 5066837; 5066836; 5066872; 5066876; 5066875; 5066873,5065428; 5065432; 5065429; 5065431; 5065429; 5065426; 5065431; 5065425; 5065430; 5065427; 5065468; 5065509; 5065507,Yes,{'Value': 'Anonymous'},2025-10-31T07:00:59,October 2025 Security Updates,2025-11-15T18:34:29.909515
CVE-2025-55679,Windows Kernel Information Disclosure Vulnerability,,"<p><strong>What type of information could be disclosed by this vulnerability?</strong></p>
<p>Exploiting this vulnerability could allow the disclosure of certain memory address within kernel space. Knowing the exact location of kernel memory could be potentially leveraged by an attacker for other malicious activities.</p>
",Important,3,5.1,4.5,CVSS:3.1/AV:L/AC:H/PR:N/UI:N/S:U/C:H/I:N/A:N/E:U/RL:O/RC:C,exploitation_unlikely,Publicly Disclosed:No;Exploited:No;Latest Software Release:Exploitation Unlikely,Information Disclosure,,,0,5066835; 5066586; 5066782; 5066791; 5066793; 5066791; 5066835; 5066793; 5066780,5065428; 5065432; 5065429; 5065431; 5065429; 5065426; 5065431; 5065425,Yes,"{'Value': '<a href=""https://twitter.com/scwuaptx"">Angelboy (@scwuaptx)</a> with <a href=""https://devco.re/"">DEVCORE</a>'}",2025-10-31T07:00:59,October 2025 Security Updates,2025-11-15T18:34:29.909533
CVE-2025-55680,Windows Cloud Files Mini Filter Driver Elevation of Privilege Vulnerability,,"<p><strong>What privileges could be gained by an attacker who successfully exploited the vulnerability?</strong></p>
<p>A domain user could use this vulnerability to elevate privileges to SYSTEM assigned integrity level.</p>
",Important,3,7.8,6.8,CVSS:3.1/AV:L/AC:L/PR:L/UI:N/S:U/C:H/I:H/A:H/E:U/RL:O/RC:C,exploitation_more_likely,Publicly Disclosed:No;Exploited:No;Latest Software Release:Exploitation More Likely,Elevation of Privilege,,,0,5066835; 5066586; 5066782; 5066791; 5066793; 5066791; 5066835; 5066793; 5066780,5065428; 5065432; 5065429; 5065431; 5065429; 5065426; 5065431; 5065425,Yes,"{'Value': '<a href=""https://twitter.com/securiteam_ssd"">TyphoonPWN Windows PE Winner</a> with <a href=""https://ssd-disclosure.com/"">SSD Secure Disclosure</a>'}",2025-10-31T07:00:59,October 2025 Security Updates,2025-11-15T18:34:29.909554
CVE-2025-55682,Windows BitLocker Security Feature Bypass Vulnerability,,"<p><strong>What kind of security feature could be bypassed by successfully exploiting this vulnerability?</strong></p>
<p>A successful attacker could bypass the BitLocker Device Encryption feature on the system storage device. An attacker with physical access to the target could exploit this vulnerability to gain access to encrypted data.</p>
",Important,3,6.1,5.3,CVSS:3.1/AV:P/AC:L/PR:N/UI:N/S:U/C:H/I:H/A:N/E:U/RL:O/RC:C,exploitation_less_likely,Publicly Disclosed:No;Exploited:No;Latest Software Release:Exploitation Less Likely,Security Feature Bypass,,,0,5066835; 5066835,5065426,Yes,"{'Value': '<a href=""https://x.com/alon_leviev"">Alon Leviev</a> with Microsoft (STORM)'}; {'Value': '<a href=""https://x.com/alon_leviev"">Alon Leviev</a> with Microsoft (STORM)'}",2025-10-31T07:00:59,October 2025 Security Updates,2025-11-15T18:34:29.909563
CVE-2025-55683,Windows Kernel Information Disclosure Vulnerability,,"<p><strong>What type of information could be disclosed by this vulnerability?</strong></p>
<p>Exploiting this vulnerability could allow the disclosure of certain memory address within kernel space. Knowing the exact location of kernel memory could be potentially leveraged by an attacker for other malicious activities.</p>
",Important,3,5.5,4.8,CVSS:3.1/AV:L/AC:L/PR:L/UI:N/S:U/C:H/I:N/A:N/E:U/RL:O/RC:C,exploitation_less_likely,Publicly Disclosed:No;Exploited:No;Latest Software Release:Exploitation Less Likely,Information Disclosure,,,0,5066586; 5066782; 5066835; 5066780; 5066836,5065428; 5065432; 5065426; 5065425; 5065427,Yes,"{'Value': '<a href=""https://twitter.com/lewislee53"">Lewis Lee</a>'}",2025-10-31T07:00:59,October 2025 Security Updates,2025-11-15T18:34:29.909575
CVE-2025-55684,Windows PrintWorkflowUserSvc Elevation of Privilege Vulnerability,,"<p><strong>What privileges could be gained by an attacker who successfully exploited this vulnerability?</strong></p>
<p>An attacker who successfully exploited this vulnerability could gain SYSTEM privileges.</p>
",Important,3,7.0,6.1,CVSS:3.1/AV:L/AC:H/PR:L/UI:N/S:U/C:H/I:H/A:H/E:U/RL:O/RC:C,exploitation_less_likely,Publicly Disclosed:No;Exploited:No;Latest Software Release:Exploitation Less Likely,Elevation of Privilege,,,0,5066835; 5066835,5065426,Yes,"{'Value': '<a href=""https://linkedin.com/in/jongseongkim"">Jongseong Kim (nevul37), SEC-agent team</a> with <a href=""https://www.enki.co.kr/"">ENKI WhiteHat</a>'}; {'Value': 'Hwiwon Lee (hwiwonl), SEC-agent team'}",2025-10-31T07:00:59,October 2025 Security Updates,2025-11-15T18:34:29.909584
CVE-2025-55688,Windows PrintWorkflowUserSvc Elevation of Privilege Vulnerability,,"<p><strong>What privileges could be gained by an attacker who successfully exploited this vulnerability?</strong></p>
<p>An attacker who successfully exploited this vulnerability could gain SYSTEM privileges.</p>
",Important,3,7.0,6.1,CVSS:3.1/AV:L/AC:H/PR:L/UI:N/S:U/C:H/I:H/A:H/E:U/RL:O/RC:C,exploitation_less_likely,Publicly Disclosed:No;Exploited:No;Latest Software Release:Exploitation Less Likely,Elevation of Privilege,,,0,5066835; 5066835,5065426,Yes,"{'Value': '<a href=""https://linkedin.com/in/jongseongkim"">Jongseong Kim (nevul37), SEC-agent team</a> with <a href=""https://www.enki.co.kr/"">ENKI WhiteHat</a>'}; {'Value': 'Hwiwon Lee (hwiwonl), SEC-agent team'}",2025-10-31T07:00:59,October 2025 Security Updates,2025-11-15T18:34:29.909594
CVE-2025-55690,Windows PrintWorkflowUserSvc Elevation of Privilege Vulnerability,,"<p><strong>According to the CVSS metric, the attack complexity is high (AC:H). What does that mean for this vulnerability?</strong></p>
<p>Successful exploitation of this vulnerability requires an attacker to win a race condition.</p>
",Important,3,7.0,6.1,CVSS:3.1/AV:L/AC:H/PR:L/UI:N/S:U/C:H/I:H/A:H/E:U/RL:O/RC:C,exploitation_less_likely,Publicly Disclosed:No;Exploited:No;Latest Software Release:Exploitation Less Likely,Elevation of Privilege,,,0,5066835; 5066835,5065426,Yes,"{'Value': '<a href=""https://linkedin.com/in/jongseongkim"">Jongseong Kim (nevul37), SEC-agent team</a> with <a href=""https://www.enki.co.kr/"">ENKI WhiteHat</a>'}; {'Value': 'Hwiwon Lee (hwiwonl), SEC-agent&#160;team'}",2025-10-31T07:00:59,October 2025 Security Updates,2025-11-15T18:34:29.909605
CVE-2025-55691,Windows PrintWorkflowUserSvc Elevation of Privilege Vulnerability,,"<p><strong>What privileges could be gained by an attacker who successfully exploited this vulnerability?</strong></p>
<p>An attacker who successfully exploited this vulnerability could gain SYSTEM privileges.</p>
",Important,3,7.0,6.1,CVSS:3.1/AV:L/AC:H/PR:L/UI:N/S:U/C:H/I:H/A:H/E:U/RL:O/RC:C,exploitation_less_likely,Publicly Disclosed:No;Exploited:No;Latest Software Release:Exploitation Less Likely,Elevation of Privilege,,,0,5066835; 5066835,5065426,Yes,"{'Value': '<a href=""https://linkedin.com/in/jongseongkim"">Jongseong Kim (nevul37), SEC-agent team</a> with <a href=""https://www.enki.co.kr/"">ENKI WhiteHat</a>'}; {'Value': 'Hwiwon Lee (hwiwonl), SEC-agent team'}",2025-10-31T07:00:59,October 2025 Security Updates,2025-11-15T18:34:29.909616
CVE-2025-55692,Windows Error Reporting Service Elevation of Privilege Vulnerability,,"<p><strong>What privileges could be gained by an attacker who successfully exploited the vulnerability?</strong></p>
<p>An attacker who successfully exploited this vulnerability could gain administrator privileges.</p>
",Important,3,7.8,6.8,CVSS:3.1/AV:L/AC:L/PR:L/UI:N/S:U/C:H/I:H/A:H/E:U/RL:O/RC:C,exploitation_more_likely,Publicly Disclosed:No;Exploited:No;Latest Software Release:Exploitation More Likely,Elevation of Privilege,,,0,5066835; 5066586; 5066782; 5066791; 5066793; 5066791; 5066835; 5066793; 5066780; 5066837; 5066836; 5066873,5065428; 5065432; 5065429; 5065431; 5065429; 5065426; 5065431; 5065425; 5065430; 5065427; 5065507,Yes,"{'Value': 'Denis Faiustov with <a href=""https://gmo-cybersecurity.com/en/"">GMO Cybersecurity by Ierae</a>'}; {'Value': 'Ruslan Sayfiev with <a href=""https://gmo-cybersecurity.com/en/"">GMO Cybersecurity by Ierae</a>'}",2025-10-31T07:00:59,October 2025 Security Updates,2025-11-15T18:34:29.909639
CVE-2025-55693,Windows Kernel Elevation of Privilege Vulnerability,,"<p><strong>According to the CVSS metric, the attack complexity is high (AC:H). What does that mean for this vulnerability?</strong></p>
<p>Successful exploitation of this vulnerability requires an attacker to win a race condition.</p>
",Important,3,7.4,6.4,CVSS:3.1/AV:L/AC:H/PR:N/UI:N/S:U/C:H/I:H/A:H/E:U/RL:O/RC:C,exploitation_more_likely,Publicly Disclosed:No;Exploited:No;Latest Software Release:Exploitation More Likely,Elevation of Privilege,,,0,5066835; 5066835,5065426,Yes,{'Value': 'Anonymous'},2025-10-31T07:00:59,October 2025 Security Updates,2025-11-15T18:34:29.909648
CVE-2025-55694,Windows Error Reporting Service Elevation of Privilege Vulnerability,,"<p><strong>What privileges could be gained by an attacker who successfully exploited the vulnerability?</strong></p>
<p>An attacker who successfully exploited this vulnerability could gain administrator privileges.</p>
",Important,3,7.8,6.8,CVSS:3.1/AV:L/AC:L/PR:L/UI:N/S:U/C:H/I:H/A:H/E:U/RL:O/RC:C,exploitation_more_likely,Publicly Disclosed:No;Exploited:No;Latest Software Release:Exploitation More Likely,Elevation of Privilege,,,0,5066835; 5066835; 5066780,5065426; 5065425,Yes,"{'Value': 'Denis Faiustov and Ruslan Sayfiev with <a href=""https://gmo-cybersecurity.com/en/"">GMO Cybersecurity by Ierae</a>'}",2025-10-31T07:00:59,October 2025 Security Updates,2025-11-15T18:34:29.909659
CVE-2025-55695,Windows WLAN AutoConfig Service Information Disclosure Vulnerability,,"<p><strong>What type of information could be disclosed by this vulnerability?</strong></p>
<p>An attacker who successfully exploited this vulnerability could potentially read portions of heap memory.</p>
",Important,3,5.5,4.8,CVSS:3.1/AV:L/AC:L/PR:L/UI:N/S:U/C:H/I:N/A:N/E:U/RL:O/RC:C,exploitation_unlikely,Publicly Disclosed:No;Exploited:No;Latest Software Release:Exploitation Unlikely,Information Disclosure,,,0,5066835; 5066586; 5066782; 5066791; 5066793; 5066791; 5066835; 5066793; 5066780; 5066837; 5066836; 5066874; 5066877; 5066872; 5066876; 5066875; 5066873,5065428; 5065432; 5065429; 5065431; 5065429; 5065426; 5065431; 5065425; 5065430; 5065427; 5065508; 5065468; 5065509; 5065507,Yes,"{'Value': '<a href=""https://x.com/y311owb0y"">RuiLun Zou</a> with <a href=""https://www.qianxin.com/product/detail/pid/372"">Codesafe Team of Legendsec at Qi&#39;anxin Group</a>'}",2025-10-31T07:00:59,October 2025 Security Updates,2025-11-15T18:34:29.909686
CVE-2025-55696,NtQueryInformation Token function (ntifs.h) Elevation of Privilege Vulnerability,,"<p><strong>What privileges could be gained by an attacker who successfully exploited this vulnerability?</strong></p>
<p>An attacker who successfully exploited this vulnerability could gain SYSTEM privileges.</p>
",Important,3,7.8,6.8,CVSS:3.1/AV:L/AC:L/PR:L/UI:N/S:U/C:H/I:H/A:H/E:U/RL:O/RC:C,exploitation_unlikely,Publicly Disclosed:No;Exploited:No;Latest Software Release:Exploitation Unlikely,Elevation of Privilege,,,0,5066586; 5066782; 5066791; 5066793; 5066791; 5066835; 5066793; 5066780; 5066835,5065428; 5065432; 5065429; 5065431; 5065429; 5065426; 5065431; 5065425,Yes,{'Value': 'Microsoft Offensive Research & Security Engineering '}; {'Value': 'Microsoft Offensive Research & Security Engineering '},2025-10-31T07:00:59,October 2025 Security Updates,2025-11-15T18:34:29.909706
CVE-2025-55697,Azure Local Elevation of Privilege Vulnerability,,"<p><strong>What privileges could be gained by an attacker who successfully exploited this vulnerability?</strong></p>
<p>An attacker who successfully exploited this vulnerability could gain SYSTEM privileges.</p>
",Important,3,7.8,6.8,CVSS:3.1/AV:L/AC:L/PR:L/UI:N/S:U/C:H/I:H/A:H/E:U/RL:O/RC:C,exploitation_unlikely,Publicly Disclosed:No;Exploited:No;Latest Software Release:Exploitation Unlikely,Elevation of Privilege,,,0,5066835; 5066780,5065426; 5065425,Yes,{'Value': 'Microsoft Offensive Research &amp; Security Engineering (MORSE)'},2025-10-31T07:00:59,October 2025 Security Updates,2025-11-15T18:34:29.909715
CVE-2025-55698,DirectX Graphics Kernel Denial of Service Vulnerability,,"<p><strong>According to the CVSS metric, a successful exploitation could lead to a scope change (S:C). What does this mean for this vulnerability?</strong></p>
<p>In this case, a successful attack could be performed from a low privilege Hyper-V guest. The attacker could traverse the guest's security boundary to cause denial of service on the Hyper-V host environment.</p>
",Important,3,7.7,6.7,CVSS:3.1/AV:N/AC:L/PR:L/UI:N/S:C/C:N/I:N/A:H/E:U/RL:O/RC:C,exploitation_less_likely,Publicly Disclosed:No;Exploited:No;Latest Software Release:Exploitation Less Likely,Denial of Service,,,0,5066835; 5066835,5065426,Yes,{'Value': 'cyanbamboo'},2025-10-31T07:00:59,October 2025 Security Updates,2025-11-15T18:34:29.909723
CVE-2025-55699,Windows Kernel Information Disclosure Vulnerability,,"<p><strong>What type of information could be disclosed by this vulnerability?</strong></p>
<p>Exploiting this vulnerability could allow the disclosure of certain memory address within kernel space. Knowing the exact location of kernel memory could be potentially leveraged by an attacker for other malicious activities.</p>
",Important,3,5.5,4.8,CVSS:3.1/AV:L/AC:L/PR:L/UI:N/S:U/C:H/I:N/A:N/E:U/RL:O/RC:C,exploitation_less_likely,Publicly Disclosed:No;Exploited:No;Latest Software Release:Exploitation Less Likely,Information Disclosure,,,0,5066835; 5066586; 5066782; 5066791; 5066793; 5066791; 5066835; 5066793; 5066780; 5066837; 5066836,5065428; 5065432; 5065429; 5065431; 5065429; 5065426; 5065431; 5065425; 5065430; 5065427,Yes,{'Value': 'Maxime Villard'},2025-10-31T07:00:59,October 2025 Security Updates,2025-11-15T18:34:29.909744
CVE-2025-58714,Windows Ancillary Function Driver for WinSock Elevation of Privilege Vulnerability,,"<p><strong>What privileges could be gained by an attacker who successfully exploited the vulnerability?</strong></p>
<p>An attacker who successfully exploited this vulnerability could gain administrator privileges.</p>
",Important,3,7.8,6.8,CVSS:3.1/AV:L/AC:L/PR:L/UI:N/S:U/C:H/I:H/A:H/E:U/RL:O/RC:C,exploitation_unlikely,Publicly Disclosed:No;Exploited:No;Latest Software Release:Exploitation Unlikely,Elevation of Privilege,,,0,5066835; 5066586; 5066782; 5066791; 5066793; 5066791; 5066835; 5066793; 5066780; 5066837; 5066836; 5066874; 5066877; 5066872; 5066876; 5066875; 5066873,5065428; 5065432; 5065429; 5065431; 5065429; 5065426; 5065431; 5065425; 5065430; 5065427; 5065508; 5065468; 5065509; 5065507,Yes,"{'Value': '<a href=""https://twitter.com/scwuaptx"">Angelboy (@scwuaptx)</a> with <a href=""https://devco.re/"">DEVCORE</a>'}",2025-10-31T07:00:59,October 2025 Security Updates,2025-11-15T18:34:29.909770
CVE-2025-58718,Remote Desktop Client Remote Code Execution Vulnerability,,"<p><strong>How would an attacker exploit this vulnerability?</strong></p>
<p>An attacker would have to convince a targeted user to connect to a malicious RDP server. Upon connecting, the malicious server could execute code on the victim's system in the context of the targeted user.</p>
",Important,3,8.8,7.7,CVSS:3.1/AV:N/AC:L/PR:N/UI:R/S:U/C:H/I:H/A:H/E:U/RL:O/RC:C,exploitation_less_likely,Publicly Disclosed:No;Exploited:No;Latest Software Release:Exploitation Less Likely,Remote Code Execution,,,0,Release Notes; 5066835; 5066586; Release Notes; 5066782; 5066791; 5066793; 5066791; 5066835; 5066793; 5066780; 5066837; 5066836; 5066874; 5066877; 5066872; 5066876; 5066875; 5066873,5065428; 5065432; 5065429; 5065431; 5065429; 5065426; 5065431; 5065425; 5065430; 5065427; 5065508; 5065468; 5065509; 5065507,Yes,"{'Value': '<a href=""https://twitter.com/mas0nshi"">YingQi Shi (@Mas0n)</a> with <a href=""https://www.dbappsecurity.com.cn/product/cloud250.html"">DBAPPSecurity WeBin Lab</a>'}",2025-10-31T07:00:59,October 2025 Security Updates,2025-11-15T18:34:29.909800
CVE-2025-58720,Windows Cryptographic Services Information Disclosure Vulnerability,,"<p><strong>What type of information could be disclosed by this vulnerability?</strong></p>
<p>The type of information that could be disclosed if an attacker successfully exploited this vulnerability is secrets or privileged information belonging to the user of the affected application.</p>
",Important,3,7.8,6.8,CVSS:3.1/AV:L/AC:L/PR:L/UI:N/S:U/C:H/I:H/A:H/E:U/RL:O/RC:C,exploitation_less_likely,Publicly Disclosed:No;Exploited:No;Latest Software Release:Exploitation Less Likely,Information Disclosure,,,0,5066835; 5066586; 5066782; 5066791; 5066793; 5066791; 5066835; 5066793; 5066780,5065428; 5065432; 5065429; 5065431; 5065429; 5065426; 5065431; 5065425,Yes,{'Value': 'Mitch Lindgren with Microsoft'},2025-10-31T07:00:59,October 2025 Security Updates,2025-11-15T18:34:29.909820
CVE-2025-58724,Arc Enabled Servers - Azure Connected Machine Agent Elevation of Privilege Vulnerability,,"<p><strong>What privileges could be gained by an attacker who successfully exploited this vulnerability?</strong></p>
<p>An attacker who successfully exploited this vulnerability could gain SYSTEM privileges.</p>
",Important,3,7.8,6.8,CVSS:3.1/AV:L/AC:L/PR:L/UI:N/S:U/C:H/I:H/A:H/E:U/RL:O/RC:C,exploitation_unlikely,Publicly Disclosed:No;Exploited:No;Latest Software Release:Exploitation Unlikely,Elevation of Privilege,,,0,Release Notes; Release Notes,,No,"{'Value': '<a href=""https://uk.linkedin.com/in/contact-sharan-p"">Sharan Patil</a> with <a href=""https://reversec.com/"">REVERSEC</a>'}",2025-10-31T07:00:59,October 2025 Security Updates,2025-11-15T18:34:29.909827
CVE-2025-58725,Windows COM+ Event System Service Elevation of Privilege Vulnerability,,"<p><strong>What privileges could be gained by an attacker who successfully exploited this vulnerability?</strong></p>
<p>An attacker who successfully exploited this vulnerability could gain SYSTEM privileges.</p>
",Important,3,7.0,6.1,CVSS:3.1/AV:L/AC:H/PR:L/UI:N/S:U/C:H/I:H/A:H/E:U/RL:O/RC:C,exploitation_less_likely,Publicly Disclosed:No;Exploited:No;Latest Software Release:Exploitation Less Likely,Elevation of Privilege,,,0,5066835; 5066586; 5066782; 5066791; 5066793; 5066791; 5066835; 5066793; 5066780; 5066837; 5066836; 5066874; 5066877; 5066872; 5066876; 5066875; 5066873,5065428; 5065432; 5065429; 5065431; 5065429; 5065426; 5065431; 5065425; 5065430; 5065427; 5065508; 5065468; 5065509; 5065507,Yes,{'Value': 'Anonymous'},2025-10-31T07:00:59,October 2025 Security Updates,2025-11-15T18:34:29.909853
CVE-2025-58726,Windows SMB Server Elevation of Privilege Vulnerability,,"<p><strong>According to the CVSS metric, the attack complexity is high (AC:H). What does that mean for this vulnerability?</strong></p>
<p>The Attack requires an SPN that is registered to an account that no longer exists or is not in use, to be on the target machine</p>
",Important,3,7.5,6.5,CVSS:3.1/AV:N/AC:H/PR:L/UI:N/S:U/C:H/I:H/A:H/E:U/RL:O/RC:C,exploitation_less_likely,Publicly Disclosed:No;Exploited:No;Latest Software Release:Exploitation Less Likely,Elevation of Privilege,,,0,5066835; 5066586; 5066782; 5066791; 5066793; 5066791; 5066835; 5066793; 5066780; 5066837; 5066836; 5066874; 5066877; 5066872; 5066876; 5066875; 5066873,5065428; 5065432; 5065429; 5065431; 5065429; 5065426; 5065431; 5065425; 5065430; 5065427; 5065508; 5065468; 5065509; 5065507,Yes,"{'Value': '<a href=""https://twitter.com/decoder_it"">Andrea Pierini</a> with <a href=""https://www.semperis.com/"">Semperis</a>'}",2025-10-31T07:00:59,October 2025 Security Updates,2025-11-15T18:34:29.909879
CVE-2025-58727,Windows Connected Devices Platform Service Elevation of Privilege Vulnerability,,"<p><strong>What privileges could be gained by an attacker who successfully exploited this vulnerability?</strong></p>
<p>An attacker who successfully exploited this vulnerability could gain SYSTEM privileges.</p>
",Important,3,7.0,6.1,CVSS:3.1/AV:L/AC:H/PR:L/UI:N/S:U/C:H/I:H/A:H/E:U/RL:O/RC:C,exploitation_less_likely,Publicly Disclosed:No;Exploited:No;Latest Software Release:Exploitation Less Likely,Elevation of Privilege,,,0,5066835; 5066791; 5066793; 5066791; 5066835; 5066793; 5066780,5065429; 5065431; 5065429; 5065426; 5065431; 5065425,Yes,"{'Value': '<a href=""https://twitter.com/hillstone_lab"">Zhang WangJunJie, He YiSheng</a> with <a href=""https://www.hillstonenet.com/"">Hillstone Networks Security Research Institute</a>'}",2025-10-31T07:00:59,October 2025 Security Updates,2025-11-15T18:34:29.909897
CVE-2025-58729,Windows Local Session Manager (LSM) Denial of Service Vulnerability,,,Important,3,6.5,5.7,CVSS:3.1/AV:N/AC:L/PR:L/UI:N/S:U/C:N/I:N/A:H/E:U/RL:O/RC:C,exploitation_less_likely,Publicly Disclosed:No;Exploited:No;Latest Software Release:Exploitation Less Likely,Denial of Service,,,0,5066835; 5066586; 5066782; 5066791; 5066793; 5066791; 5066835; 5066793; 5066780; 5066837; 5066836; 5066874; 5066877; 5066872; 5066876; 5066875; 5066873,5065428; 5065432; 5065429; 5065431; 5065429; 5065426; 5065431; 5065425; 5065430; 5065427; 5065508; 5065468; 5065509; 5065507,Yes,{'Value': 'Philemon Orphee Favrod'},2025-10-31T07:00:59,October 2025 Security Updates,2025-11-15T18:34:29.909924
CVE-2025-58730,Inbox COM Objects (Global Memory) Remote Code Execution Vulnerability,,"<p><strong>According to the CVSS metric, the attack vector is local (AV:L). Why does the CVE title indicate that this is a remote code execution?</strong></p>
<p>The word <strong>Remote</strong> in the title refers to the location of the attacker. This type of exploit is sometimes referred to as Arbitrary Code Execution (ACE). The attack itself is carried out locally. This means an attacker or victim needs to execute code from the local machine to exploit the vulnerability.</p>
",Important,3,7.0,6.1,CVSS:3.1/AV:L/AC:H/PR:N/UI:R/S:U/C:H/I:H/A:H/E:U/RL:O/RC:C,exploitation_unlikely,Publicly Disclosed:No;Exploited:No;Latest Software Release:Exploitation Unlikely,Remote Code Execution,,,0,5066835; 5066586; 5066782; 5066791; 5066793; 5066791; 5066835; 5066793; 5066780; 5066837; 5066836; 5066872; 5066876; 5066875; 5066873,5065428; 5065432; 5065429; 5065431; 5065429; 5065426; 5065431; 5065425; 5065430; 5065427; 5065468; 5065509; 5065507,Yes,{'Value': 'Zhiniang Peng with HUST &amp; R4nger with CyberKunLun'},2025-10-31T07:00:59,October 2025 Security Updates,2025-11-15T18:34:29.909949
CVE-2025-58731,Inbox COM Objects (Global Memory) Remote Code Execution Vulnerability,,"<p><strong>According to the CVSS metric, user interaction is required (UI:R). What interaction would the user have to do?</strong></p>
<p>An attacker must send the user a malicious file and convince them to open it.</p>
",Important,3,7.0,6.1,CVSS:3.1/AV:L/AC:H/PR:N/UI:R/S:U/C:H/I:H/A:H/E:U/RL:O/RC:C,exploitation_unlikely,Publicly Disclosed:No;Exploited:No;Latest Software Release:Exploitation Unlikely,Remote Code Execution,,,0,5066835; 5066782; 5066793; 5066835; 5066793; 5066780,5065432; 5065431; 5065426; 5065431; 5065425,Yes,{'Value': 'Zhiniang Peng with HUST &amp; R4nger with CyberKunLun'},2025-10-31T07:00:59,October 2025 Security Updates,2025-11-15T18:34:29.909963
CVE-2025-58733,Inbox COM Objects (Global Memory) Remote Code Execution Vulnerability,,"<p><strong>According to the CVSS metric, the attack vector is local (AV:L). Why does the CVE title indicate that this is a remote code execution?</strong></p>
<p>The word <strong>Remote</strong> in the title refers to the location of the attacker. This type of exploit is sometimes referred to as Arbitrary Code Execution (ACE). The attack itself is carried out locally. This means an attacker or victim needs to execute code from the local machine to exploit the vulnerability.</p>
",Important,3,7.0,6.1,CVSS:3.1/AV:L/AC:H/PR:N/UI:R/S:U/C:H/I:H/A:H/E:U/RL:O/RC:C,exploitation_unlikely,Publicly Disclosed:No;Exploited:No;Latest Software Release:Exploitation Unlikely,Remote Code Execution,,,0,5066835; 5066586; 5066782; 5066791; 5066793; 5066791; 5066835; 5066793; 5066780; 5066837; 5066836; 5066874; 5066877; 5066872; 5066876; 5066875; 5066873,5065428; 5065432; 5065429; 5065431; 5065429; 5065426; 5065431; 5065425; 5065430; 5065427; 5065508; 5065468; 5065509; 5065507,Yes,{'Value': 'Zhiniang Peng with HUST &amp; R4nger with CyberKunLun'},2025-10-31T07:00:59,October 2025 Security Updates,2025-11-15T18:34:29.909992
CVE-2025-58734,Inbox COM Objects (Global Memory) Remote Code Execution Vulnerability,,"<p><strong>According to the CVSS metric, the attack vector is local (AV:L). Why does the CVE title indicate that this is a remote code execution?</strong></p>
<p>The word <strong>Remote</strong> in the title refers to the location of the attacker. This type of exploit is sometimes referred to as Arbitrary Code Execution (ACE). The attack itself is carried out locally. This means an attacker or victim needs to execute code from the local machine to exploit the vulnerability.</p>
",Important,3,7.0,6.1,CVSS:3.1/AV:L/AC:H/PR:N/UI:R/S:U/C:H/I:H/A:H/E:U/RL:O/RC:C,exploitation_unlikely,Publicly Disclosed:No;Exploited:No;Latest Software Release:Exploitation Unlikely,Remote Code Execution,,,0,5066835; 5066586; 5066782; 5066791; 5066793; 5066791; 5066835; 5066793; 5066780; 5066837; 5066836,5065428; 5065432; 5065429; 5065431; 5065429; 5065426; 5065431; 5065425; 5065430; 5065427,Yes,{'Value': 'Zhiniang Peng with HUST &amp; R4nger with CyberKunLun'},2025-10-31T07:00:59,October 2025 Security Updates,2025-11-15T18:34:29.910014
CVE-2025-58736,Inbox COM Objects (Global Memory) Remote Code Execution Vulnerability,,"<p><strong>According to the CVSS metric, the attack vector is local (AV:L). Why does the CVE title indicate that this is a remote code execution?</strong></p>
<p>The word <strong>Remote</strong> in the title refers to the location of the attacker. This type of exploit is sometimes referred to as Arbitrary Code Execution (ACE). The attack itself is carried out locally. This means an attacker or victim needs to execute code from the local machine to exploit the vulnerability.</p>
",Important,3,7.0,6.1,CVSS:3.1/AV:L/AC:H/PR:N/UI:R/S:U/C:H/I:H/A:H/E:U/RL:O/RC:C,exploitation_unlikely,Publicly Disclosed:No;Exploited:No;Latest Software Release:Exploitation Unlikely,Remote Code Execution,,,0,5066586; 5066782; 5066791; 5066793; 5066791; 5066835; 5066793; 5066780; 5066837; 5066836; 5066874; 5066877; 5066872; 5066876; 5066875; 5066873; 5066835,5065428; 5065432; 5065429; 5065431; 5065429; 5065426; 5065431; 5065425; 5065430; 5065427; 5065508; 5065468; 5065509; 5065507,Yes,{'Value': 'Zhiniang Peng with HUST &amp; R4nger with CyberKunLun'},2025-10-31T07:00:59,October 2025 Security Updates,2025-11-15T18:34:29.910044
CVE-2025-58737,Remote Desktop Protocol Remote Code Execution Vulnerability,,"<p><strong>According to the CVSS metric, the attack vector is local (AV:L). Why does the CVE title indicate that this is a remote code execution?</strong></p>
<p>The word <strong>Remote</strong> in the title refers to the location of the attacker. This type of exploit is sometimes referred to as Arbitrary Code Execution (ACE). The attack itself is carried out locally. This means an attacker or victim needs to execute code from the local machine to exploit the vulnerability.</p>
",Important,3,7.0,6.1,CVSS:3.1/AV:L/AC:H/PR:N/UI:R/S:U/C:H/I:H/A:H/E:U/RL:O/RC:C,exploitation_unlikely,Publicly Disclosed:No;Exploited:No;Latest Software Release:Exploitation Unlikely,Remote Code Execution,,,0,5066586; 5066782; 5066835; 5066780; 5066836; 5066873,5065428; 5065432; 5065426; 5065425; 5065427; 5065507,Yes,{'Value': 'Zhiniang Peng with HUST &amp; R4nger with CyberKunLun'},2025-10-31T07:00:59,October 2025 Security Updates,2025-11-15T18:34:29.910058
CVE-2025-58738,Inbox COM Objects (Global Memory) Remote Code Execution Vulnerability,,"<p><strong>According to the CVSS metric, the attack vector is local (AV:L). Why does the CVE title indicate that this is a remote code execution?</strong></p>
<p>The word <strong>Remote</strong> in the title refers to the location of the attacker. This type of exploit is sometimes referred to as Arbitrary Code Execution (ACE). The attack itself is carried out locally. This means an attacker or victim needs to execute code from the local machine to exploit the vulnerability.</p>
",Important,3,7.0,6.1,CVSS:3.1/AV:L/AC:H/PR:N/UI:R/S:U/C:H/I:H/A:H/E:U/RL:O/RC:C,exploitation_unlikely,Publicly Disclosed:No;Exploited:No;Latest Software Release:Exploitation Unlikely,Remote Code Execution,,,0,5066835; 5066586; 5066782; 5066791; 5066793; 5066791; 5066835; 5066793; 5066780; 5066837,5065428; 5065432; 5065429; 5065431; 5065429; 5065426; 5065431; 5065425; 5065430,Yes,{'Value': 'Zhiniang Peng with HUST &amp; R4nger with CyberKunLun'},2025-10-31T07:00:59,October 2025 Security Updates,2025-11-15T18:34:29.910076
CVE-2025-58739,Microsoft Windows File Explorer Spoofing Vulnerability,,"<p><strong>The Security Updates table indicates that this vulnerability affects all supported versions of Microsoft Windows. Why are IE Cumulative updates listed for Windows Server 2008, Windows Server 2008 R2, Windows Server 2012, and Windows Server 2012 R2?</strong></p>
<p>While Microsoft has announced retirement of the Internet Explorer 11 application on certain platforms and the Microsoft Edge Legacy application is deprecated, the underlying MSHTML, EdgeHTML, and scripting platforms are still supported. The MSHTML platform is used by Internet Explorer mode in Microsoft Edge as well as other applications through WebBrowser control. The EdgeHTML platform is used by WebView and some UWP applications. The scripting platforms are used by MSHTML and EdgeHTML but can also be used by other legacy applications. Updates to address vulnerabilities in the MSHTML platform and scripting engine are included in the IE Cumulative Updates; EdgeHTML and Chakra changes are not applicable to those platforms.</p>
<p>To stay fully protected, we recommend that customers who install Security Only updates install the IE Cumulative updates for this vulnerability.</p>
",Important,3,6.5,5.7,CVSS:3.1/AV:N/AC:L/PR:N/UI:R/S:U/C:H/I:N/A:N/E:U/RL:O/RC:C,exploitation_less_likely,Publicly Disclosed:No;Exploited:No;Latest Software Release:Exploitation Less Likely,Spoofing,,,0,5066835; 5066586; 5066782; 5066791; 5066793; 5066791; 5066835; 5066793; 5066780; 5066837; 5066836; 5066874; 5066877; 5066840; 5066872; 5066876; 5066875; 5066873,5065428; 5065432; 5065429; 5065431; 5065429; 5065426; 5065431; 5065425; 5065430; 5065427; 5065508; 5065435; 5065468; 5065509; 5065507,Yes,{'Value': '01dGu0@whitecap100'}; {'Value': 'Nacl'}; {'Value': 'Novy@whitecap100'},2025-10-31T07:00:59,October 2025 Security Updates,2025-11-15T18:34:29.910105
CVE-2025-59184,Storage Spaces Direct Information Disclosure Vulnerability,,"<p><strong>What type of information could be disclosed by this vulnerability?</strong></p>
<p>Exploiting this vulnerability could allow the disclosure of certain memory address within kernel space. Knowing the exact location of kernel memory could be potentially leveraged by an attacker for other malicious activities.</p>
",Important,3,5.5,4.8,CVSS:3.1/AV:L/AC:L/PR:L/UI:N/S:U/C:H/I:N/A:N/E:U/RL:O/RC:C,exploitation_less_likely,Publicly Disclosed:No;Exploited:No;Latest Software Release:Exploitation Less Likely,Information Disclosure,,,0,5066586; 5066782; 5066835; 5066780; 5066836,5065428; 5065432; 5065426; 5065425; 5065427,Yes,"{'Value': '<a href=""https://twitter.com/lewislee53"">Lewis Lee</a>'}",2025-10-31T07:00:59,October 2025 Security Updates,2025-11-15T18:34:29.910116
CVE-2025-59187,Windows Kernel Elevation of Privilege Vulnerability,,"<p><strong>What privileges could be gained by an attacker who successfully exploited this vulnerability?</strong></p>
<p>An attacker who successfully exploited this vulnerability could gain SYSTEM privileges.</p>
",Important,3,7.8,6.8,CVSS:3.1/AV:L/AC:L/PR:L/UI:N/S:U/C:H/I:H/A:H/E:U/RL:O/RC:C,exploitation_less_likely,Publicly Disclosed:No;Exploited:No;Latest Software Release:Exploitation Less Likely,Elevation of Privilege,,,0,5066835; 5066586; 5066782; 5066791; 5066793; 5066791; 5066835; 5066793; 5066780; 5066837; 5066836; 5066874; 5066877; 5066872; 5066876; 5066875; 5066873,5065428; 5065432; 5065429; 5065431; 5065429; 5065426; 5065431; 5065425; 5065430; 5065427; 5065508; 5065468; 5065509; 5065507,Yes,{'Value': 'Anonymous'},2025-10-31T07:00:59,October 2025 Security Updates,2025-11-15T18:34:29.910145
CVE-2025-59188,Microsoft Failover Cluster Information Disclosure Vulnerability,,"<p><strong>What type of information could be disclosed by this vulnerability?</strong></p>
<p>Exploiting this vulnerability could allow the disclosure of certain memory address within kernel space. Knowing the exact location of kernel memory could be potentially leveraged by an attacker for other malicious activities.</p>
",Important,3,5.5,4.8,CVSS:3.1/AV:L/AC:L/PR:L/UI:N/S:U/C:H/I:N/A:N/E:U/RL:O/RC:C,exploitation_less_likely,Publicly Disclosed:No;Exploited:No;Latest Software Release:Exploitation Less Likely,Information Disclosure,,,0,5066586; 5066782; 5066835; 5066780; 5066836; 5066875; 5066873,5065428; 5065432; 5065426; 5065425; 5065427; 5065509; 5065507,Yes,"{'Value': '<a href=""https://twitter.com/lewislee53"">Lewis Lee</a>, <a href=""https://twitter.com/ver0759"">Chunyang Han</a> and <a href=""https://twitter.com/edwardzpeng"">Zhiniang Peng</a> with HUST'}",2025-10-31T07:00:59,October 2025 Security Updates,2025-11-15T18:34:29.910159
CVE-2025-59189,Microsoft Brokering File System Elevation of Privilege Vulnerability,,"<p><strong>What privileges could be gained by an attacker who successfully exploited this vulnerability?</strong></p>
<p>An attacker who successfully exploited this vulnerability could gain SYSTEM privileges.</p>
",Important,3,7.4,6.4,CVSS:3.1/AV:L/AC:H/PR:N/UI:N/S:U/C:H/I:H/A:H/E:U/RL:O/RC:C,exploitation_unlikely,Publicly Disclosed:No;Exploited:No;Latest Software Release:Exploitation Unlikely,Elevation of Privilege,,,0,5066835; 5066835,5065426,Yes,{'Value': 'hazard'},2025-10-31T07:00:59,October 2025 Security Updates,2025-11-15T18:34:29.910169
CVE-2025-59190,Windows Search Service Denial of Service Vulnerability,,"<p><strong>According to the CVSS metric, user interaction is required (UI:R). What interaction would the user have to do?</strong></p>
<p>The user would have to access a malicious folder or directory. Users should never open anything that they do not know or trust to be safe.</p>
",Important,3,5.5,4.8,CVSS:3.1/AV:L/AC:L/PR:N/UI:R/S:U/C:N/I:N/A:H/E:U/RL:O/RC:C,exploitation_unlikely,Publicly Disclosed:No;Exploited:No;Latest Software Release:Exploitation Unlikely,Denial of Service,,,0,5066835; 5066586; 5066782; 5066791; 5066793; 5066791; 5066835; 5066793; 5066780; 5066837; 5066836; 5066874; 5066877; 5066872; 5066876; 5066875; 5066873,5065428; 5065432; 5065429; 5065431; 5065429; 5065426; 5065431; 5065425; 5065430; 5065427; 5065508; 5065468; 5065509; 5065507,Yes,"{'Value': '<a href=""https://x.com/nevul37"">Jongseong Kim (nevul37), SEC-agent team</a> with <a href=""https://www.enki.co.kr/"">ENKI WhiteHat</a>'}; {'Value': 'Hwiwon Lee (hwiwonl), SEC-agent&#160;team'}",2025-10-31T07:00:59,October 2025 Security Updates,2025-11-15T18:34:29.910196
CVE-2025-59191,Windows Connected Devices Platform Service Elevation of Privilege Vulnerability,,"<p><strong>What privileges could be gained by an attacker who successfully exploited this vulnerability?</strong></p>
<p>An attacker who successfully exploited this vulnerability could gain SYSTEM privileges.</p>
",Important,3,7.8,6.8,CVSS:3.1/AV:L/AC:L/PR:L/UI:N/S:U/C:H/I:H/A:H/E:U/RL:O/RC:C,exploitation_less_likely,Publicly Disclosed:No;Exploited:No;Latest Software Release:Exploitation Less Likely,Elevation of Privilege,,,0,5066586; 5066782; 5066791; 5066793; 5066791; 5066835; 5066793; 5066780; 5066835,5065428; 5065432; 5065429; 5065431; 5065429; 5065426; 5065431; 5065425,Yes,"{'Value': '<a href=""https://twitter.com/hillstone_lab"">Zhang WangJunJie, He YiSheng</a> with <a href=""https://www.hillstonenet.com/"">Hillstone Networks Security Research Institute</a>'}",2025-10-31T07:00:59,October 2025 Security Updates,2025-11-15T18:34:29.910214
CVE-2025-59192,Storport.sys Driver Elevation of Privilege Vulnerability,,"<p><strong>What privileges could be gained by an attacker who successfully exploited this vulnerability?</strong></p>
<p>An attacker who successfully exploited this vulnerability could gain SYSTEM privileges.</p>
",Important,3,7.8,6.8,CVSS:3.1/AV:L/AC:L/PR:L/UI:N/S:U/C:H/I:H/A:H/E:U/RL:O/RC:C,exploitation_less_likely,Publicly Disclosed:No;Exploited:No;Latest Software Release:Exploitation Less Likely,Elevation of Privilege,,,0,5066586; 5066782; 5066791; 5066793; 5066791; 5066835; 5066793; 5066780; 5066837; 5066836; 5066835,5065428; 5065432; 5065429; 5065431; 5065429; 5065426; 5065431; 5065425; 5065430; 5065427,Yes,"{'Value': '<a href=""https://www.zoemurmure.top/"">zoemurmure</a> with <a href=""https://qingteng.cn/"">Qingteng</a>'}",2025-10-31T07:00:59,October 2025 Security Updates,2025-11-15T18:34:29.910238
CVE-2025-59193,Windows Management Services Elevation of Privilege Vulnerability,,"<p><strong>What privileges could be gained by an attacker who successfully exploited this vulnerability?</strong></p>
<p>An attacker who successfully exploited this vulnerability could gain SYSTEM privileges.</p>
",Important,3,7.0,6.1,CVSS:3.1/AV:L/AC:H/PR:L/UI:N/S:U/C:H/I:H/A:H/E:U/RL:O/RC:C,exploitation_less_likely,Publicly Disclosed:No;Exploited:No;Latest Software Release:Exploitation Less Likely,Elevation of Privilege,,,0,5066835; 5066586; 5066782; 5066791; 5066793; 5066791; 5066835; 5066793; 5066780,5065428; 5065432; 5065429; 5065431; 5065429; 5065426; 5065431; 5065425,Yes,{'Value': 'Zhiniang Peng with HUST & R4nger with CyberKunLun'},2025-10-31T07:00:59,October 2025 Security Updates,2025-11-15T18:34:29.910256
CVE-2025-59194,Windows Kernel Elevation of Privilege Vulnerability,,"<p><strong>What privileges could be gained by an attacker who successfully exploited the vulnerability?</strong></p>
<p>An attacker who successfully exploited this vulnerability could potentially gain the ability to crash the system by exploiting the use-after-free vulnerability, even as a standard user.</p>
",Important,3,7.0,6.1,CVSS:3.1/AV:L/AC:H/PR:L/UI:N/S:U/C:H/I:H/A:H/E:U/RL:O/RC:C,exploitation_more_likely,Publicly Disclosed:No;Exploited:No;Latest Software Release:Exploitation More Likely,Elevation of Privilege,,,0,5066793; 5066835; 5066793; 5066780; 5066835,5065431; 5065426; 5065431; 5065425,Yes,{'Value': 'Muhammad Faathin Abdurrahman'},2025-10-31T07:00:59,October 2025 Security Updates,2025-11-15T18:34:29.910269
CVE-2025-59197,Windows ETL Channel Information Disclosure Vulnerability,,"<p><strong>What type of information could be disclosed by this vulnerability?</strong></p>
<p>The type of information that could be disclosed if an attacker successfully exploited this vulnerability is the local memory address</p>
",Important,3,5.5,4.8,CVSS:3.1/AV:L/AC:L/PR:L/UI:N/S:U/C:H/I:N/A:N/E:U/RL:O/RC:C,exploitation_less_likely,Publicly Disclosed:No;Exploited:No;Latest Software Release:Exploitation Less Likely,Information Disclosure,,,0,5066835; 5066586; 5066782; 5066791; 5066793; 5066791; 5066835; 5066793; 5066780; 5066837; 5066836,5065428; 5065432; 5065429; 5065431; 5065429; 5065426; 5065431; 5065425; 5065430; 5065427,Yes,"{'Value': '<a href=""https://x.com/M4x_1997"">Aobo Wang</a>'}; {'Value': '<a href=""https://x.com/M4x_1997"">Aobo Wang</a>'}",2025-10-31T07:00:59,October 2025 Security Updates,2025-11-15T18:34:29.910289
CVE-2025-59198,Windows Search Service Denial of Service Vulnerability,,"<p><strong>According to the CVSS metric, user interaction is required (UI:R) and privileges required is low (PR:L). What does that mean for this vulnerability?</strong></p>
<p>The vulnerability can be exploited by a regular user without admin rights, as long as they interact with a malicious file—such as running an executable. No elevated privileges are needed to trigger the issue.</p>
",Important,3,5.0,4.4,CVSS:3.1/AV:L/AC:L/PR:L/UI:R/S:U/C:N/I:N/A:H/E:U/RL:O/RC:C,exploitation_unlikely,Publicly Disclosed:No;Exploited:No;Latest Software Release:Exploitation Unlikely,Denial of Service,,,0,5066835; 5066586; 5066782; 5066791; 5066793; 5066791; 5066835; 5066793; 5066780; 5066837; 5066836; 5066874; 5066877; 5066872; 5066876; 5066875; 5066873,5065428; 5065432; 5065429; 5065431; 5065429; 5065426; 5065431; 5065425; 5065430; 5065427; 5065508; 5065468; 5065509; 5065507,Yes,"{'Value': '<a href=""https://linkedin.com/in/jongseongkim"">Jongseong Kim (nevul37), SEC-agent team</a> with <a href=""https://www.enki.co.kr/"">ENKI WhiteHat</a>'}",2025-10-31T07:00:59,October 2025 Security Updates,2025-11-15T18:34:29.910316
CVE-2025-59203,Windows State Repository API Server File Information Disclosure Vulnerability,,"<p><strong>What type of information could be disclosed by this vulnerability?</strong></p>
<p>The type of information that could be disclosed if an attacker successfully exploited this vulnerability is the local memory address</p>
",Important,3,5.5,4.8,CVSS:3.1/AV:L/AC:L/PR:L/UI:N/S:U/C:H/I:N/A:N/E:U/RL:O/RC:C,exploitation_less_likely,Publicly Disclosed:No;Exploited:No;Latest Software Release:Exploitation Less Likely,Information Disclosure,,,0,5066835; 5066586; 5066782; 5066791; 5066793; 5066791; 5066835; 5066793; 5066780; 5066837; 5066836,5065428; 5065432; 5065429; 5065431; 5065429; 5065426; 5065431; 5065425; 5065430; 5065427,Yes,"{'Value': '<a href=""https://x.com/M4x_1997"">Aobo Wang</a>'}",2025-10-31T07:00:59,October 2025 Security Updates,2025-11-15T18:34:29.910337
CVE-2025-59205,Windows Graphics Component Elevation of Privilege Vulnerability,,"<p><strong>What privileges could be gained by an attacker who successfully exploited this vulnerability?</strong></p>
<p>An attacker who successfully exploited this vulnerability could gain SYSTEM privileges.</p>
",Important,3,7.0,6.1,CVSS:3.1/AV:L/AC:H/PR:L/UI:N/S:U/C:H/I:H/A:H/E:U/RL:O/RC:C,exploitation_less_likely,Publicly Disclosed:No;Exploited:No;Latest Software Release:Exploitation Less Likely,Elevation of Privilege,,,0,5066835; 5066586; 5066782; 5066791; 5066793; 5066791; 5066835; 5066793; 5066780; 5066837; 5066836; 5066874; 5066877; 5066872; 5066876; 5066875; 5066873,5065428; 5065432; 5065429; 5065431; 5065429; 5065426; 5065431; 5065425; 5065430; 5065427; 5065508; 5065468; 5065509; 5065507,Yes,{'Value': 'wenqunwang with China Telecom Research Institute'},2025-10-31T07:00:59,October 2025 Security Updates,2025-11-15T18:34:29.910366
CVE-2025-59208,Windows MapUrlToZone Information Disclosure Vulnerability,,"<p><strong>The Security Updates table indicates that this vulnerability affects all supported versions of Microsoft Windows. Why are IE Cumulative updates listed for Windows Server 2008, Windows Server 2008 R2, Windows Server 2012, and Windows Server 2012 R2?</strong></p>
<p>While Microsoft has announced retirement of the Internet Explorer 11 application on certain platforms and the Microsoft Edge Legacy application is deprecated, the underlying MSHTML, EdgeHTML, and scripting platforms are still supported. The MSHTML platform is used by Internet Explorer mode in Microsoft Edge as well as other applications through WebBrowser control. The EdgeHTML platform is used by WebView and some UWP applications. The scripting platforms are used by MSHTML and EdgeHTML but can also be used by other legacy applications. Updates to address vulnerabilities in the MSHTML platform and scripting engine are included in the IE Cumulative Updates; EdgeHTML and Chakra changes are not applicable to those platforms.</p>
<p>To stay fully protected, we recommend that customers who install Security Only updates install the IE Cumulative updates for this vulnerability.</p>
",Important,3,7.1,6.2,CVSS:3.1/AV:N/AC:L/PR:N/UI:R/S:U/C:H/I:L/A:N/E:U/RL:O/RC:C,exploitation_less_likely,Publicly Disclosed:No;Exploited:No;Latest Software Release:Exploitation Less Likely,Information Disclosure,,,0,5066835; 5066586; 5066782; 5066791; 5066793; 5066791; 5066835; 5066793; 5066780; 5066837; 5066836; 5066874; 5066877; 5066840; 5066872; 5066876; 5066875; 5066873,5065428; 5065432; 5065429; 5065431; 5065429; 5065426; 5065431; 5065425; 5065430; 5065427; 5065508; 5065435; 5065468; 5065509; 5065507,Yes,"{'Value': '<a href=""https://twitter.com/ecthr0s"">George Hughey</a> with MSRC Vulnerabilities &amp; Mitigations'}; {'Value': '<a href=""https://twitter.com/ecthr0s"">George Hughey</a> with MSRC Vulnerabilities &amp; Mitigations'}",2025-10-31T07:00:59,October 2025 Security Updates,2025-11-15T18:34:29.910395
CVE-2025-59209,Windows Push Notification Information Disclosure Vulnerability,,"<p><strong>What type of information could be disclosed by this vulnerability?</strong></p>
<p>The type of information that could be disclosed if an attacker successfully exploited this vulnerability is memory addresses belonging to the &quot;EventLog&quot; Windows service</p>
",Important,3,5.5,4.8,CVSS:3.1/AV:L/AC:L/PR:L/UI:N/S:U/C:H/I:N/A:N/E:U/RL:O/RC:C,exploitation_unlikely,Publicly Disclosed:No;Exploited:No;Latest Software Release:Exploitation Unlikely,Information Disclosure,,,0,5066835; 5066586; 5066782; 5066791; 5066793; 5066791; 5066835; 5066793; 5066780; 5066837; 5066836; 5066875; 5066873,5065428; 5065432; 5065429; 5065431; 5065429; 5065426; 5065431; 5065425; 5065430; 5065427; 5065509; 5065507,Yes,"{'Value': '<a href=""https://x.com/M4x_1997"">Aobo Wang</a>'}",2025-10-31T07:00:59,October 2025 Security Updates,2025-11-15T18:34:29.910419
CVE-2025-59210,Windows Resilient File System (ReFS) Deduplication Service Elevation of Privilege Vulnerability,,"<p><strong>What privileges could be gained by an attacker who successfully exploited this vulnerability?</strong></p>
<p>An attacker who successfully exploited this vulnerability could gain SYSTEM privileges.</p>
",Important,3,7.4,6.4,CVSS:3.1/AV:L/AC:H/PR:N/UI:N/S:U/C:H/I:H/A:H/E:U/RL:O/RC:C,exploitation_unlikely,Publicly Disclosed:No;Exploited:No;Latest Software Release:Exploitation Unlikely,Elevation of Privilege,,,0,5066835; 5066835,5065426,Yes,"{'Value': 'Hwiwon Lee (hwiwonl), SEC-agent&#160;team'}; {'Value': '<a href=""https://linkedin.com/in/jongseongkim"">Jongseong Kim (nevul37), SEC-agent team</a> with <a href=""https://www.enki.co.kr/"">ENKI WhiteHat</a>'}; {'Value': '<a href=""https://linkedin.com/in/jongseongkim"">Jongseong Kim (nevul37), SEC-agent team</a> with <a href=""https://www.enki.co.kr/"">ENKI WhiteHat</a>'}",2025-10-31T07:00:59,October 2025 Security Updates,2025-11-15T18:34:29.910429
CVE-2025-59213,Configuration Manager Elevation of Privilege Vulnerability,,"<p><strong>How could an attacker exploit this vulnerability?</strong></p>
<p>An attacker could exploit this vulnerability by injecting malicious SQL into the DuplicateAMTMachineRecord method.</p>
",Important,3,8.4,7.3,CVSS:3.1/AV:L/AC:L/PR:N/UI:N/S:U/C:H/I:H/A:H/E:U/RL:O/RC:C,exploitation_less_likely,Publicly Disclosed:No;Exploited:No;Latest Software Release:Exploitation Less Likely,Elevation of Privilege,,,0,Release Notes; Release Notes; Release Notes,,Maybe,"{'Value': '<a href=""https://x.com/kalimer0x00"">Mehdi Elyassa</a> with <a href=""https://www.synacktiv.com/"">Synacktiv</a>'}",2025-10-31T07:00:59,October 2025 Security Updates,2025-11-15T18:34:29.910440
CVE-2025-59214,Microsoft Windows File Explorer Spoofing Vulnerability,,"<p><strong>According to the CVSS metric, user interaction is required (UI:R). What interaction would the user have to do?</strong></p>
<p>A user would need to be tricked into opening a folder that contains a specially crafted file.</p>
",Important,3,6.5,5.7,CVSS:3.1/AV:N/AC:L/PR:N/UI:R/S:U/C:H/I:N/A:N/E:U/RL:O/RC:C,exploitation_unlikely,Publicly Disclosed:No;Exploited:No;Latest Software Release:Exploitation Unlikely,Spoofing,,,0,5066586; 5066782; 5066791; 5066793; 5066791; 5066835; 5066793; 5066780; 5066837; 5066836; 5066874; 5066877; 5066872; 5066876; 5066875; 5066873; 5066835,5065428; 5065432; 5065429; 5065431; 5065429; 5065426; 5065431; 5065425; 5065430; 5065427; 5065508; 5065468; 5065509; 5065507,Yes,"{'Value': '<a href=""https://x.com/Phantom01_"">Hemant Kumar</a>'}; {'Value': '<a href=""https://web.facebook.com/aimadhouas"">Aimad Eddine Houas (Steven)</a>'}; {'Value': '<a href=""http://linkedin.com/in/ruben-en"">Ruben Enkaoua</a> with <a href=""https://cymulate.com/"">Cymulate</a>'}; {'Value': '<a href=""https://www.linkedin.com/in/bartlomiejadamski/"">bartlomiejadamski</a>, <a href=""https://github.com/panadamski"">Holl0w</a>'}",2025-10-31T07:00:59,October 2025 Security Updates,2025-11-15T18:34:29.910469
CVE-2025-59221,Microsoft Word Remote Code Execution Vulnerability,,"<p><strong>According to the CVSS metric, the attack vector is local (AV:L). Why does the CVE title indicate that this is a remote code execution?</strong></p>
<p>The word <strong>Remote</strong> in the title refers to the location of the attacker. This type of exploit is sometimes referred to as Arbitrary Code Execution (ACE). The attack itself is carried out locally.</p>
<p>For example, when the score indicates that the <strong>Attack Vector</strong> is <strong>Local</strong> and <strong>User Interaction</strong> is <strong>Required</strong>, this could describe an exploit in which an attacker, through social engineering, convinces a victim to download and open a specially crafted file from a website which leads to a local attack on their computer.</p>
",Important,3,7.0,6.1,CVSS:3.1/AV:L/AC:H/PR:N/UI:R/S:U/C:H/I:H/A:H/E:U/RL:O/RC:C,exploitation_unlikely,Publicly Disclosed:No;Exploited:No;Latest Software Release:Exploitation Unlikely,Remote Code Execution,,,0,5002788; 5002787; 5002796; 5002798; Click to Run; Release Notes; 5002789,5002778; 5002777; 5002775; 5002774; 5002780,Maybe,"{'Value': 'Haifei Li with <a href=""https://pub.expmon.com/"">EXPMON</a>'}",2025-10-31T07:00:59,October 2025 Security Updates,2025-11-15T18:34:29.910485
CVE-2025-59222,Microsoft Word Remote Code Execution Vulnerability,,"<p><strong>Is the Preview Pane an attack vector for this vulnerability?</strong></p>
<p>No, the Preview Pane is not an attack vector.</p>
",Important,3,7.8,6.8,CVSS:3.1/AV:L/AC:L/PR:N/UI:R/S:U/C:H/I:H/A:H/E:U/RL:O/RC:C,exploitation_unlikely,Publicly Disclosed:No;Exploited:No;Latest Software Release:Exploitation Unlikely,Remote Code Execution,,,0,5002788; 5002787; 5002796; 5002798; Click to Run; Release Notes; 5002789,5002778; 5002777; 5002775; 5002774; 5002780,Maybe,"{'Value': 'Haifei Li with <a href=""https://pub.expmon.com/"">EXPMON</a>'}",2025-10-31T07:00:59,October 2025 Security Updates,2025-11-15T18:34:29.910501
CVE-2025-59223,Microsoft Excel Remote Code Execution Vulnerability,,"<p><strong>Is the Preview Pane an attack vector for this vulnerability?</strong></p>
<p>No, the Preview Pane is not an attack vector.</p>
",Important,3,7.8,6.8,CVSS:3.1/AV:L/AC:L/PR:N/UI:R/S:U/C:H/I:H/A:H/E:U/RL:O/RC:C,exploitation_less_likely,Publicly Disclosed:No;Exploited:No;Latest Software Release:Exploitation Less Likely,Remote Code Execution,,,0,5002797; Click to Run; Release Notes; 5002794,5002776; 5002782,Maybe,{'Value': 'Anonymous'},2025-10-31T07:00:59,October 2025 Security Updates,2025-11-15T18:34:29.910514
CVE-2025-59224,Microsoft Excel Remote Code Execution Vulnerability,,"<p><strong>Is the Preview Pane an attack vector for this vulnerability?</strong></p>
<p>No, the Preview Pane is not an attack vector.</p>
",Important,3,7.8,6.8,CVSS:3.1/AV:L/AC:L/PR:N/UI:R/S:U/C:H/I:H/A:H/E:U/RL:O/RC:C,exploitation_less_likely,Publicly Disclosed:No;Exploited:No;Latest Software Release:Exploitation Less Likely,Remote Code Execution,,,0,5002797; Click to Run; Release Notes; 5002794,5002776; 5002782,Maybe,{'Value': 'Anonymous'}; {'Value': 'Anonymous'},2025-10-31T07:00:59,October 2025 Security Updates,2025-11-15T18:34:29.910526
CVE-2025-59225,Microsoft Excel Remote Code Execution Vulnerability,,"<p><strong>Is the Preview Pane an attack vector for this vulnerability?</strong></p>
<p>No, the Preview Pane is not an attack vector.</p>
",Important,3,7.8,6.8,CVSS:3.1/AV:L/AC:L/PR:N/UI:R/S:U/C:H/I:H/A:H/E:U/RL:O/RC:C,exploitation_less_likely,Publicly Disclosed:No;Exploited:No;Latest Software Release:Exploitation Less Likely,Remote Code Execution,,,0,5002797; Click to Run; Release Notes; 5002794,5002776; 5002782,Maybe,{'Value': 'Quan Jin with DBAPPSecurity WeBin Lab'},2025-10-31T07:00:59,October 2025 Security Updates,2025-11-15T18:34:29.910541
CVE-2025-59226,Microsoft Office Visio Remote Code Execution Vulnerability,,"<p><strong>Is the Preview Pane an attack vector for this vulnerability?</strong></p>
<p>No, the Preview Pane is not an attack vector.</p>
",Important,3,7.8,6.8,CVSS:3.1/AV:L/AC:L/PR:N/UI:R/S:U/C:H/I:H/A:H/E:U/RL:O/RC:C,exploitation_unlikely,Publicly Disclosed:No;Exploited:No;Latest Software Release:Exploitation Unlikely,Remote Code Execution,,,0,Click to Run,,No,"{'Value': '<a href=""https://www.linkedin.com/in/4n0nym4u5"">4n0nym4u5</a> with <a href=""https://www.zscaler.com/"">Zscaler</a>'}",2025-10-31T07:00:59,October 2025 Security Updates,2025-11-15T18:34:29.910550
CVE-2025-59227,Microsoft Office Remote Code Execution Vulnerability,,"<p><strong>Is the Preview Pane an attack vector for this vulnerability?</strong></p>
<p>Yes, the Preview Pane is an attack vector.</p>
",Critical,4,7.8,6.8,CVSS:3.1/AV:L/AC:L/PR:N/UI:R/S:U/C:H/I:H/A:H/E:U/RL:O/RC:C,exploitation_less_likely,Publicly Disclosed:No;Exploited:No;Latest Software Release:Exploitation Less Likely,Remote Code Execution,,,0,5002792; Click to Run; Release Notes; Release Notes,5002781,Maybe,{'Value': 'cdbb6164ddfda2b210fd348442322115'},2025-10-31T07:00:59,October 2025 Security Updates,2025-11-15T18:34:29.910562
CVE-2025-59229,Microsoft Office Denial of Service Vulnerability,,"<p><strong>Is the Preview Pane an attack vector for this vulnerability?</strong></p>
<p>Yes, the Preview Pane is an attack vector.</p>
",Important,3,5.5,4.8,CVSS:3.1/AV:L/AC:L/PR:N/UI:R/S:U/C:N/I:N/A:H/E:U/RL:O/RC:C,exploitation_unlikely,Publicly Disclosed:No;Exploited:No;Latest Software Release:Exploitation Unlikely,Denial of Service,,,0,Click to Run,,No,{'Value': 'mose nilsson'}; {'Value': 'mose nilsson'}; {'Value': 'moushi'},2025-10-31T07:00:59,October 2025 Security Updates,2025-11-15T18:34:29.910572
CVE-2025-59232,Microsoft Excel Information Disclosure Vulnerability,,"<p><strong>According to the CVSS metric, user interaction is required (UI:R). What interaction would the user have to do?</strong></p>
<p>An attacker must send the user a malicious file and convince them to open it.</p>
",Important,3,7.1,6.2,CVSS:3.1/AV:L/AC:L/PR:N/UI:R/S:U/C:H/I:N/A:H/E:U/RL:O/RC:C,exploitation_unlikely,Publicly Disclosed:No;Exploited:No;Latest Software Release:Exploitation Unlikely,Information Disclosure,,,0,5002797; 5002788; 5002796; Click to Run; Release Notes; 5002794; 5002719; 5002757; 5002341; 5002720,5002776; 5002778; 5002775; 5002782; 5002588; 5002734; 5002052; 5002701,Maybe,{'Value': 'Nathan Shomber of Microsoft'}; {'Value': 'Nathan Shomber of Microsoft'},2025-10-31T07:00:59,October 2025 Security Updates,2025-11-15T18:34:29.910589
CVE-2025-59238,Microsoft PowerPoint Remote Code Execution Vulnerability,,"<p><strong>According to the CVSS metric, user interaction is required (UI:R). What interaction would the user have to do?</strong></p>
<p>An attacker must send the user a malicious file and convince them to open it.</p>
",Important,3,7.8,6.8,CVSS:3.1/AV:L/AC:L/PR:N/UI:R/S:U/C:H/I:H/A:H/E:U/RL:O/RC:C,exploitation_less_likely,Publicly Disclosed:No;Exploited:No;Latest Software Release:Exploitation Less Likely,Remote Code Execution,,,0,Click to Run; 5002790,5002779,Maybe,,2025-10-31T07:00:59,October 2025 Security Updates,2025-11-15T18:34:29.910600
CVE-2025-59241,Windows Health and Optimized Experiences Elevation of Privilege Vulnerability,,"<p><strong>What privileges could be gained by an attacker who successfully exploited the vulnerability?</strong></p>
<p>An attacker who successfully exploited this vulnerability could gain administrator privileges.</p>
",Important,3,7.8,6.8,CVSS:3.1/AV:L/AC:L/PR:L/UI:N/S:U/C:H/I:H/A:H/E:U/RL:O/RC:C,exploitation_less_likely,Publicly Disclosed:No;Exploited:No;Latest Software Release:Exploitation Less Likely,Elevation of Privilege,,,0,5066835; 5066835,5065426,Yes,"{'Value': '<a href=""https://twitter.com/filip_dragovic"">Filip Dragović</a>'}",2025-10-31T07:00:59,October 2025 Security Updates,2025-11-15T18:34:29.910610
CVE-2025-2884,Cert CC: CVE-2025-2884 Out-of-Bounds read vulnerability in TCG TPM2.0 reference implementation,,,Important,3,5.3,4.6,CVSS:3.1/AV:L/AC:H/PR:L/UI:N/S:U/C:H/I:N/A:L/E:U/RL:O/RC:C,exploitation_less_likely,Publicly Disclosed:Yes;Exploited:No;Latest Software Release:Exploitation Less Likely,Information Disclosure,,,0,5066835; 5066793; 5066835; 5066793; 5066780,5065431; 5065426; 5065431; 5065425,Yes,{'Value': 'Anonymous'}; {'Value': 'Anonymous'}; {'Value': 'TCG [security@trustedcomputing.org] TCG'},2025-10-31T07:00:59,October 2025 Security Updates,2025-11-15T18:34:29.910621
CVE-2025-59244,NTLM Hash Disclosure Spoofing Vulnerability,,"<p><strong>According to the CVSS metric, user interaction is required (UI:R). What interaction would the user have to do?</strong></p>
<p>A user interacting with the file in multiple ways will cause the NTLM hash to be leaked. A few interactions which trigger this leak include:</p>
<ul>
<li>Opening the parent folder in Explorer</li>
<li>Clicking the file (any mouse button)</li>
<li>Dragging the file</li>
<li>Deleting the file</li>
</ul>
",Important,3,6.5,5.7,CVSS:3.1/AV:N/AC:L/PR:N/UI:R/S:U/C:H/I:N/A:N/E:U/RL:O/RC:C,exploitation_less_likely,Publicly Disclosed:No;Exploited:No;Latest Software Release:Exploitation Less Likely,Spoofing,,,0,5066586; 5066782; 5066791; 5066793; 5066791; 5066835; 5066835; 5066793; 5066780; 5066837; 5066836; 5066873,5065428; 5065432; 5065429; 5065431; 5065429; 5065426; 5065431; 5065425; 5065430; 5065427; 5065507,Yes,{'Value': 'Nacl'},2025-10-31T07:00:59,October 2025 Security Updates,2025-11-15T18:34:29.910642
CVE-2025-59248,Microsoft Exchange Server Spoofing Vulnerability,,,Important,3,7.5,6.5,CVSS:3.1/AV:N/AC:L/PR:N/UI:N/S:U/C:H/I:N/A:N/E:U/RL:O/RC:C,exploitation_less_likely,Publicly Disclosed:No;Exploited:No;Latest Software Release:Exploitation Less Likely,Spoofing,,,0,5066366; 5066367; 5066369; 5066368,5063224; 5063221; 5063223; 5063222,Yes,"{'Value': '<a href=""https://www.linkedin.com/in/anna-breeva-51476b163/"">Anna Breeva</a>'}",2025-10-31T07:00:59,October 2025 Security Updates,2025-11-15T18:34:29.910651
CVE-2025-59230,Windows Remote Access Connection Manager Elevation of Privilege Vulnerability,,"<p><strong>What privileges could be gained by an attacker who successfully exploited this vulnerability?</strong></p>
<p>An attacker who successfully exploited this vulnerability could gain SYSTEM privileges.</p>
",Important,3,7.8,7.2,CVSS:3.1/AV:L/AC:L/PR:L/UI:N/S:U/C:H/I:H/A:H/E:F/RL:O/RC:C,exploitation_detected,Publicly Disclosed:No;Exploited:Yes;Latest Software Release:Exploitation Detected,Elevation of Privilege,,,0,5066586; 5066782; 5066791; 5066793; 5066791; 5066835; 5066835; 5066793; 5066780; 5066837; 5066836; 5066874; 5066877; 5066872; 5066876; 5066875; 5066873,5065428; 5065432; 5065429; 5065431; 5065429; 5065426; 5065431; 5065425; 5065430; 5065427; 5065508; 5065468; 5065509; 5065507,Yes,{'Value': 'Microsoft Threat Intelligence Center (MSTIC) & Microsoft Security Response Center (MSRC)'}; {},2025-10-31T07:00:59,October 2025 Security Updates,2025-11-15T18:34:29.910677
CVE-2025-59253,Windows Search Service Denial of Service Vulnerability,,,Important,3,5.5,4.8,CVSS:3.1/AV:L/AC:L/PR:L/UI:N/S:U/C:N/I:N/A:H/E:U/RL:O/RC:C,exploitation_less_likely,Publicly Disclosed:No;Exploited:No;Latest Software Release:Exploitation Less Likely,Denial of Service,,,0,5066586; 5066782; 5066791; 5066793; 5066791; 5066835; 5066835; 5066793; 5066780; 5066837; 5066836; 5066875; 5066873,5065428; 5065432; 5065429; 5065431; 5065429; 5065426; 5065431; 5065425; 5065430; 5065427; 5065509; 5065507,Yes,"{'Value': '<a href=""https://www.linkedin.com/in/remco-vandermeer/"">Remco van der Meer</a> with Warpnet'}; {'Value': '<a href=""https://www.linkedin.com/in/remco-vandermeer/"">Remco van der Meer</a> with Warpnet'}",2025-10-31T07:00:59,October 2025 Security Updates,2025-11-15T18:34:29.910702
CVE-2025-59260,Microsoft Failover Cluster Virtual Driver Information Disclosure Vulnerability,,"<p><strong>What type of information could be disclosed by this vulnerability?</strong></p>
<p>Exploiting this vulnerability could allow the disclosure of certain memory address within kernel space. Knowing the exact location of kernel memory could be potentially leveraged by an attacker for other malicious activities.</p>
",Important,3,5.5,4.8,CVSS:3.1/AV:L/AC:L/PR:L/UI:N/S:U/C:H/I:N/A:N/E:U/RL:O/RC:C,exploitation_less_likely,Publicly Disclosed:No;Exploited:No;Latest Software Release:Exploitation Less Likely,Information Disclosure,,,0,5066586; 5066782; 5066835; 5066780; 5066836,5065428; 5065432; 5065426; 5065425; 5065427,Yes,"{'Value': '<a href=""https://twitter.com/lewislee53"">Lewis Lee</a>, <a href=""https://twitter.com/ver0759"">Chunyang Han</a> and <a href=""https://twitter.com/edwardzpeng"">Zhiniang Peng</a> with HUST'}; {'Value': '<a href=""https://twitter.com/ver0759"">Chunyang Han</a>'}; {'Value': '<a href=""https://twitter.com/ver0759"">Chunyang Han</a>'}; {'Value': '<a href=""https://twitter.com/lewislee53"">Lewis Lee</a>, <a href=""https://twitter.com/ver0759"">Chunyang Han</a> and <a href=""https://twitter.com/edwardzpeng"">Zhiniang Peng</a> with HUST'}",2025-10-31T07:00:59,October 2025 Security Updates,2025-11-15T18:34:29.910714
CVE-2025-59261,Windows Graphics Component Elevation of Privilege Vulnerability,,"<p><strong>What privileges could be gained by an attacker who successfully exploited this vulnerability?</strong></p>
<p>An attacker who successfully exploited this vulnerability could gain SYSTEM privileges.</p>
",Important,3,7.0,6.1,CVSS:3.1/AV:L/AC:H/PR:L/UI:N/S:U/C:H/I:H/A:H/E:U/RL:O/RC:C,exploitation_unlikely,Publicly Disclosed:No;Exploited:No;Latest Software Release:Exploitation Unlikely,Elevation of Privilege,,,0,5066782; 5066793; 5066835; 5066835; 5066793; 5066780,5065432; 5065431; 5065426; 5065431; 5065425,Yes,{'Value': 'Maxime Villard'},2025-10-31T07:00:59,October 2025 Security Updates,2025-11-15T18:34:29.910730
CVE-2025-59275,Windows Authentication Elevation of Privilege Vulnerability,,"<p><strong>How could an attacker exploit this vulnerability?</strong></p>
<p>To exploit this vulnerability, an attacker would first have to log on to the system. An attacker could then run a specially crafted application that could exploit the vulnerability and take control of an affected system.</p>
<p>Additionally, an attacker could convince a local user to open a malicious file. The attacker would have to convince the user to click a link, typically by way of an enticement in an email or instant message, and then convince them to open the specially crafted file.</p>
",Important,3,7.8,6.8,CVSS:3.1/AV:L/AC:L/PR:L/UI:N/S:U/C:H/I:H/A:H/E:U/RL:O/RC:C,exploitation_less_likely,Publicly Disclosed:No;Exploited:No;Latest Software Release:Exploitation Less Likely,Elevation of Privilege,,,0,5066586; 5066782; 5066791; 5066793; 5066791; 5066835; 5066793; 5066780; 5066837; 5066836; 5066874; 5066877; 5066872; 5066876; 5066875; 5066873,5065428; 5065432; 5065429; 5065431; 5065429; 5065426; 5065431; 5065425; 5065430; 5065427; 5065508; 5065468; 5065509; 5065507,Yes,"{'Value': '<a href=""https://twitter.com/keyz3r0"">k0shl</a> with <a href=""https://www.cyberkl.com/"">Kunlun Lab</a>'}",2025-10-31T07:00:59,October 2025 Security Updates,2025-11-15T18:34:29.910756
CVE-2025-59278,Windows Authentication Elevation of Privilege Vulnerability,,"<p><strong>What privileges could be gained by an attacker who successfully exploited the vulnerability?</strong></p>
<p>An attacker who successfully exploited this vulnerability could gain administrator privileges.</p>
",Important,3,7.8,6.8,CVSS:3.1/AV:L/AC:L/PR:L/UI:N/S:U/C:H/I:H/A:H/E:U/RL:O/RC:C,exploitation_less_likely,Publicly Disclosed:No;Exploited:No;Latest Software Release:Exploitation Less Likely,Elevation of Privilege,,,0,5066586; 5066782; 5066791; 5066793; 5066791; 5066835; 5066793; 5066780; 5066837; 5066836; 5066874; 5066877; 5066872; 5066876; 5066875; 5066873,5065428; 5065432; 5065429; 5065431; 5065429; 5065426; 5065431; 5065425; 5065430; 5065427; 5065508; 5065468; 5065509; 5065507,Yes,"{'Value': '<a href=""https://twitter.com/keyz3r0"">k0shl</a> with <a href=""https://www.cyberkl.com/"">Kunlun Lab</a>'}",2025-10-31T07:00:59,October 2025 Security Updates,2025-11-15T18:34:29.910783
CVE-2025-11215,Chromium: CVE-2025-11215 Off by one error in V8,,"<p><strong>What is the version information for this release?</strong></p>
<table>
<thead>
<tr>
<th>Microsoft Edge Version</th>
<th>Date Released</th>
<th>Based on Chromium Version</th>
</tr>
</thead>
<tbody>
<tr>
<td>141.0.3537.57</td>
<td>10/2/2025</td>
<td>141.0.7390.55</td>
</tr>
</tbody>
</table>
",,0,0.0,0.0,,unknown,Unknown,,,,0,Release Notes,,No,,2025-10-31T07:00:59,October 2025 Security Updates,2025-11-15T18:34:29.910791
CVE-2025-11216,Chromium: CVE-2025-11216 Inappropriate implementation in Storage,,"<p><strong>What is the version information for this release?</strong></p>
<table>
<thead>
<tr>
<th>Microsoft Edge Version</th>
<th>Date Released</th>
<th>Based on Chromium Version</th>
</tr>
</thead>
<tbody>
<tr>
<td>141.0.3537.57</td>
<td>10/2/2025</td>
<td>141.0.7390.55</td>
</tr>
</tbody>
</table>
",,0,0.0,0.0,,unknown,Unknown,,,,0,Release Notes,,No,,2025-10-31T07:00:59,October 2025 Security Updates,2025-11-15T18:34:29.910797
CVE-2025-11213,Chromium: CVE-2025-11213 Inappropriate implementation in Omnibox,,"<p><strong>What is the version information for this release?</strong></p>
<table>
<thead>
<tr>
<th>Microsoft Edge Version</th>
<th>Date Released</th>
<th>Based on Chromium Version</th>
</tr>
</thead>
<tbody>
<tr>
<td>141.0.3537.57</td>
<td>10/2/2025</td>
<td>141.0.7390.55</td>
</tr>
</tbody>
</table>
",,0,0.0,0.0,,unknown,Unknown,,,,0,Release Notes,,No,,2025-10-31T07:00:59,October 2025 Security Updates,2025-11-15T18:34:29.910802
CVE-2025-11210,Chromium: CVE-2025-11210 Side-channel information leakage in Tab,,"<p><strong>What is the version information for this release?</strong></p>
<table>
<thead>
<tr>
<th>Microsoft Edge Version</th>
<th>Date Released</th>
<th>Based on Chromium Version</th>
</tr>
</thead>
<tbody>
<tr>
<td>141.0.3537.57</td>
<td>10/2/2025</td>
<td>141.0.7390.55</td>
</tr>
</tbody>
</table>
",,0,0.0,0.0,,unknown,Unknown,,,,0,Release Notes,,No,,2025-10-31T07:00:59,October 2025 Security Updates,2025-11-15T18:34:29.910808
CVE-2025-11207,Chromium: CVE-2025-11207 Side-channel information leakage in Storage,,"<p><strong>What is the version information for this release?</strong></p>
<table>
<thead>
<tr>
<th>Microsoft Edge Version</th>
<th>Date Released</th>
<th>Based on Chromium Version</th>
</tr>
</thead>
<tbody>
<tr>
<td>141.0.3537.57</td>
<td>10/2/2025</td>
<td>141.0.7390.55</td>
</tr>
</tbody>
</table>
",,0,0.0,0.0,,unknown,Unknown,,,,0,Release Notes,,No,,2025-10-31T07:00:59,October 2025 Security Updates,2025-11-15T18:34:29.910813
CVE-2025-11208,Chromium: CVE-2025-11208 Inappropriate implementation in Media,,"<p><strong>What is the version information for this release?</strong></p>
<table>
<thead>
<tr>
<th>Microsoft Edge Version</th>
<th>Date Released</th>
<th>Based on Chromium Version</th>
</tr>
</thead>
<tbody>
<tr>
<td>141.0.3537.57</td>
<td>10/2/2025</td>
<td>141.0.7390.55</td>
</tr>
</tbody>
</table>
",,0,0.0,0.0,,unknown,Unknown,,,,0,Release Notes,,No,,2025-10-31T07:00:59,October 2025 Security Updates,2025-11-15T18:34:29.910819
CVE-2025-11206,Chromium: CVE-2025-11206 Heap buffer overflow in Video,,"<p><strong>What is the version information for this release?</strong></p>
<table>
<thead>
<tr>
<th>Microsoft Edge Version</th>
<th>Date Released</th>
<th>Based on Chromium Version</th>
</tr>
</thead>
<tbody>
<tr>
<td>141.0.3537.57</td>
<td>10/2/2025</td>
<td>141.0.7390.55</td>
</tr>
</tbody>
</table>
",,0,0.0,0.0,,unknown,Unknown,,,,0,Release Notes,,No,,2025-10-31T07:00:59,October 2025 Security Updates,2025-11-15T18:34:29.910826
CVE-2025-11219,Chromium: CVE-2025-11219 Use after free in V8,,"<p><strong>What is the version information for this release?</strong></p>
<table>
<thead>
<tr>
<th>Microsoft Edge Version</th>
<th>Date Released</th>
<th>Based on Chromium Version</th>
</tr>
</thead>
<tbody>
<tr>
<td>141.0.3537.57</td>
<td>10/2/2025</td>
<td>141.0.7390.55</td>
</tr>
</tbody>
</table>
",,0,0.0,0.0,,unknown,Unknown,,,,0,Release Notes,,No,,2025-10-31T07:00:59,October 2025 Security Updates,2025-11-15T18:34:29.910834
CVE-2025-59285,Azure Monitor Agent Elevation of Privilege Vulnerability,,"<p><strong>According to the CVSS metric, the attack complexity is high (AC:H). What is does this mean in the context of the elevation of privilege vulnerability?</strong></p>
<p>In order to successfully exploit this vulnerability, the attacker requires write access to the configuration directory by creating malicious files in a directory before the Azure Monitor Agent is installed or before the service starts after system restart.</p>
",Important,3,7.0,6.1,CVSS:3.1/AV:L/AC:H/PR:L/UI:N/S:U/C:H/I:H/A:H/E:U/RL:O/RC:C,exploitation_unlikely,Publicly Disclosed:No;Exploited:No;Latest Software Release:Exploitation Unlikely,Elevation of Privilege,,,0,Release Notes,,Maybe,{'Value': 'P1hcn'},2025-10-31T07:00:59,October 2025 Security Updates,2025-11-15T18:34:29.910841
CVE-2025-59489,MITRE: CVE-2025-59489 Unity Gaming Engine Editor vulnerability,,"<p><strong>Why are there no links to updates in the Security Updates Table?</strong></p>
<p>This document will be updated with more information as it becomes available. We recommend allowing automatic updates for the apps on your platform.</p>
<p><strong>I am using an impacted game or app, what should I do?</strong></p>
<p>You should uninstall the impacted application until an update is available. Updates are being released regularly, you can check this page to see if the impacted application has been removed from the “Updates in Progress” list above or check for available updates on your device. We also encourage customers to subscribe to Security Update Guide notifications to be alerted of updates for impacted games/apps. This Advisory and the related CVE will be updated with new information as needed and will link to any future security updates released.</p>
<p><strong>How do I check for and install updates for my games or apps?</strong></p>
<p>Windows customers can learn more here. If you are using another platform, please refer to their guidance.</p>
<p><strong>How do I uninstall an impacted game or application?</strong></p>
<p>To uninstall an app or game on Windows, press the Windows logo key on your keyboard or toolbar, and then enter settings in the search bar. Select Settings from the results, and then go to Apps &gt; Apps &amp; features or Installed apps, depending on your version of Windows. If you're on a Windows 10 device, choose the game that you want to uninstall from the list and then select Uninstall two times. On Windows 11, select the More actions button (“…”), and then select Uninstall two times. If you're on a Windows 10 device, choose the game that you want to uninstall from the list and then select Uninstall two times. On Windows 11, select the More actions button (“…”), and then select Uninstall two times.</p>
<p><strong>How do I know if my game is impacted?</strong></p>
<p>You can review the above list for impacted Microsoft titles. If the game you are playing is not listed and you have installed all available security updates, no further action is required. The above list is only representative of first-party Microsoft games.</p>
<p><strong>I am playing one of the impacted games on Xbox console, should I be worried?</strong></p>
<p>No. Console games and cloud gaming are not impacted.</p>
<p><strong>Are there any games that were vulnerable but Microsoft has already released security updates for?</strong></p>
<p>Yes, our teams have already released updates for some games and applications that were built on the effected version of Unity Editor. Those games and apps will be listed in the soon-to-be-published CVE-2025-59489.</p>
<p><strong>When will updates be available for the games and apps that have not been updated?</strong></p>
<p>Microsoft does not provide ETAs for security updates.  Solutions to security issues are tested to ensure quality prior to release and will be published to the Microsoft Store once validation has been completed.</p>
<p><strong>Are there any mitigations that can be deployed until a patch is available?</strong></p>
<p>The game or app can be uninstalled and reinstalled once a patched version is available, please see <a href=""https://www.cve.org/CVERecord/SearchResults?query=CVE-2025-59489"">MITRE: CVE-2025-59489 Unity Gaming Engine Editor vulnerability</a> for the current status.</p>
<p>Additionally, Windows Defender will block exploitation attempts, Defender definitions version 1.437.296.0 and above have the following detections:</p>
<ul>
<li>Exploit:Win32/CVE-2025-59489</li>
<li>Exploit:Win32/CVE-2025-59489.B</li>
<li>Behavior:Win32/CVE-2025-59489</li>
</ul>
<p><strong>Are handheld devices affected?</strong></p>
<p>Devices running Windows are affected, including desktops, laptops and handheld devices.</p>
",Important,3,8.4,8.4,CVSS:3.1/AV:L/AC:L/PR:N/UI:N/S:U/C:H/I:H/A:H,unknown,Unknown,Elevation of Privilege,,,0,Release Notes; Release Notes,,Maybe,,2025-10-31T07:00:59,October 2025 Security Updates,2025-11-15T18:34:29.910857
CVE-2025-59287,Windows Server Update Service (WSUS) Remote Code Execution Vulnerability,,"<p><strong>Will an updated Windows Update offline scan file, Wsusscn2.cab, with this new security update be available?</strong></p>
<p>Yes. An updates scan file will be available at the time of, or shortly after, the release.</p>
",Critical,4,9.8,8.8,CVSS:3.1/AV:N/AC:L/PR:N/UI:N/S:U/C:H/I:H/A:H/E:P/RL:O/RC:C,exploitation_more_likely,Publicly Disclosed:No;Exploited:No;Latest Software Release:Exploitation More Likely,Remote Code Execution,,,0,5070883; 5070884; 5070892; 5070881; 5070893; 5070879; 5070882; 5070887; 5070886,,Yes,"{'Value': '<a href=""https://twitter.com/mwulftange"">Markus Wulftange</a> with <a href=""https://code-white.com/"">CODE WHITE GmbH</a>'}; {'Value': 'MEOW'}; {'Value': 'f7d8c52bec79e42795cf15888b85cbad'}; {'Value': 'MEOW'}",2025-10-31T07:00:59,October 2025 Security Updates,2025-11-15T18:34:29.910874
CVE-2025-59289,Windows Bluetooth Service Elevation of Privilege Vulnerability,,"<p><strong>What privileges could be gained by an attacker who successfully exploited this vulnerability?</strong></p>
<p>An attacker who successfully exploited this vulnerability could gain SYSTEM privileges.</p>
",Important,3,7.0,6.1,CVSS:3.1/AV:L/AC:H/PR:L/UI:N/S:U/C:H/I:H/A:H/E:U/RL:O/RC:C,exploitation_less_likely,Publicly Disclosed:No;Exploited:No;Latest Software Release:Exploitation Less Likely,Elevation of Privilege,,,0,5065432; 5065306; 5065429; 5065431; 5065426; 5065474; 5065425,5063880; 5063812; 5063709; 5063875; 5063878; 5064010; 5063899,Yes,"{'Value': '<a href=""https://linkedin.com/in/jongseongkim"">Jongseong Kim (nevul37), SEC-agent team</a> with <a href=""https://www.enki.co.kr/"">ENKI WhiteHat</a>'}; {'Value': 'Hwiwon Lee (hwiwonl), SEC-agent team'}",2025-10-31T07:00:59,October 2025 Security Updates,2025-11-15T18:34:29.910892
CVE-2025-47827,MITRE CVE-2025-47827: Secure Boot bypass in IGEL OS before 11,,"<p><strong>What kind of security feature could be bypassed by successfully exploiting this vulnerability?</strong></p>
<p>An attacker who successfully exploited this vulnerability could bypass Secure Boot.</p>
",Important,3,4.6,4.3,CVSS:3.1/AV:P/AC:L/PR:N/UI:N/S:U/C:N/I:N/A:H/E:F/RL:O/RC:C,exploitation_detected,Publicly Disclosed:No;Exploited:Yes;Latest Software Release:Exploitation Detected,Security Feature Bypass,,,0,5066586; 5066782; 5066791; 5066793; 5066791; 5066835; 5066835; 5066793; 5066780; 5066837; 5066836; 5066875; 5066873,5065428; 5065432; 5065429; 5065431; 5065429; 5065426; 5065431; 5065425; 5065430; 5065427; 5065509; 5065507,Yes,"{'Value': '<a href=""https://www.linkedin.com/in/zack-didcott"">Zack Didcott</a>'}",2025-10-31T07:00:59,October 2025 Security Updates,2025-11-15T18:34:29.910916
CVE-2025-59497,Microsoft Defender for Linux Denial of Service Vulnerability,,"<p><strong>According to the CVSS metric, the attack complexity is high (AC:H). What does that mean for this vulnerability?</strong></p>
<p>Successful exploitation of this vulnerability requires an attacker to win a race condition.</p>
",Important,3,7.0,6.1,CVSS:3.1/AV:L/AC:H/PR:L/UI:N/S:U/C:H/I:H/A:H/E:U/RL:O/RC:C,exploitation_less_likely,Publicly Disclosed:No;Exploited:No;Latest Software Release:Exploitation Less Likely,Denial of Service,,,0,Release Notes,,Maybe,{'Value': 'G1ND1L4'}; {'Value': 'Gil Regev'},2025-10-31T07:00:59,October 2025 Security Updates,2025-11-15T18:34:29.910923
CVE-2025-59218,Azure Entra ID Elevation of Privilege Vulnerability,,"<p><strong>Why are there no links to an update or instructions with steps that must be taken to protect from this vulnerability?</strong></p>
<p>This vulnerability has already been fully mitigated by Microsoft. There is no action for users of this service to take. The purpose of this CVE is to provide further transparency.</p>
<p>Please see <a href=""https://aka.ms/MSRC-Cloud-CVEs"">Toward greater transparency: Unveiling Cloud Service CVEs</a> for more information.</p>
",Critical,4,9.6,8.3,CVSS:3.1/AV:N/AC:L/PR:N/UI:R/S:C/C:H/I:H/A:L/E:U/RL:O/RC:C,exploitation_less_likely,Publicly Disclosed:No;Exploited:No;Latest Software Release:Exploitation Less Likely,Elevation of Privilege,,,0,,,Unknown,{'Value': 'Vladimir Abramzon'}; {'Value': 'Vladimir Abramzon'},2025-10-31T07:00:59,October 2025 Security Updates,2025-11-15T18:34:29.910929
CVE-2025-59246,Azure Entra ID Elevation of Privilege Vulnerability,,"<p><strong>Why are there no links to an update or instructions with steps that must be taken to protect from this vulnerability?</strong></p>
<p>This vulnerability has already been fully mitigated by Microsoft. There is no action for users of this service to take. The purpose of this CVE is to provide further transparency.</p>
<p>Please see <a href=""https://aka.ms/MSRC-Cloud-CVEs"">Toward greater transparency: Unveiling Cloud Service CVEs</a> for more information.</p>
",Critical,4,9.8,8.5,CVSS:3.1/AV:N/AC:L/PR:N/UI:N/S:U/C:H/I:H/A:H/E:U/RL:O/RC:C,exploitation_more_likely,Publicly Disclosed:No;Exploited:No;Latest Software Release:Exploitation More Likely,Elevation of Privilege,,,0,,,Unknown,{'Value': 'Dylan Ryan-Zilavy'},2025-10-31T07:00:59,October 2025 Security Updates,2025-11-15T18:34:29.910935
CVE-2025-59247,Azure PlayFab Elevation of Privilege Vulnerability,,"<p><strong>Why are there no links to an update or instructions with steps that must be taken to protect from this vulnerability?</strong></p>
<p>This vulnerability has already been fully mitigated by Microsoft. There is no action for users of this service to take. The purpose of this CVE is to provide further transparency.</p>
<p>Please see <a href=""https://aka.ms/MSRC-Cloud-CVEs"">Toward greater transparency: Unveiling Cloud Service CVEs</a> for more information.</p>
",Critical,4,8.8,7.7,CVSS:3.1/AV:N/AC:L/PR:L/UI:N/S:U/C:H/I:H/A:H/E:U/RL:O/RC:C,exploitation_less_likely,Publicly Disclosed:No;Exploited:No;Latest Software Release:Exploitation Less Likely,Elevation of Privilege,,,0,,,Unknown,{'Value': 'Anonymous'},2025-10-31T07:00:59,October 2025 Security Updates,2025-11-15T18:34:29.910943
CVE-2025-59252,M365 Copilot Spoofing Vulnerability,,"<p><strong>Why are there no links to an update or instructions with steps that must be taken to protect from this vulnerability?</strong></p>
<p>This vulnerability has already been fully mitigated by Microsoft. There is no action for users of this service to take. The purpose of this CVE is to provide further transparency.</p>
<p>Please see <a href=""https://aka.ms/MSRC-Cloud-CVEs"">Toward greater transparency: Unveiling Cloud Service CVEs</a> for more information.</p>
",Critical,4,6.5,5.7,CVSS:3.1/AV:N/AC:L/PR:N/UI:R/S:U/C:H/I:N/A:N/E:U/RL:O/RC:C,exploitation_less_likely,Publicly Disclosed:No;Exploited:No;Latest Software Release:Exploitation Less Likely,Spoofing,,,0,,,Unknown,"{'Value': '<a href=""https://x.com/es7evam"">Estevam Arantes</a> with Microsoft'}",2025-10-31T07:00:59,October 2025 Security Updates,2025-11-15T18:34:29.910951
CVE-2025-59271,Redis Enterprise Elevation of Privilege Vulnerability,,"<p><strong>Why are there no links to an update or instructions with steps that must be taken to protect from this vulnerability?</strong></p>
<p>This vulnerability has already been fully mitigated by Microsoft. There is no action for users of this service to take. The purpose of this CVE is to provide further transparency.</p>
<p>Please see <a href=""https://aka.ms/MSRC-Cloud-CVEs"">Toward greater transparency: Unveiling Cloud Service CVEs</a> for more information.</p>
",Critical,4,8.7,7.6,CVSS:3.1/AV:N/AC:H/PR:N/UI:N/S:C/C:H/I:H/A:N/E:U/RL:O/RC:C,exploitation_less_likely,Publicly Disclosed:No;Exploited:No;Latest Software Release:Exploitation Less Likely,Elevation of Privilege,,,0,,,Unknown,{'Value': 'Chantal Olieman with Microsoft'}; {'Value': 'Gary Wang with Microsoft'}; {'Value': 'Jordan Rodak with Microsoft'},2025-10-31T07:00:59,October 2025 Security Updates,2025-11-15T18:34:29.910957
CVE-2025-59272,Copilot Spoofing Vulnerability,,"<p><strong>Why are there no links to an update or instructions with steps that must be taken to protect from this vulnerability?</strong></p>
<p>This vulnerability has already been fully mitigated by Microsoft. There is no action for users of this service to take. The purpose of this CVE is to provide further transparency.</p>
<p>Please see <a href=""https://aka.ms/MSRC-Cloud-CVEs"">Toward greater transparency: Unveiling Cloud Service CVEs</a> for more information.</p>
",Critical,4,6.5,5.7,CVSS:3.1/AV:N/AC:L/PR:N/UI:R/S:U/C:H/I:N/A:N/E:U/RL:O/RC:C,exploitation_less_likely,Publicly Disclosed:No;Exploited:No;Latest Software Release:Exploitation Less Likely,Spoofing,,,0,,,Unknown,"{'Value': '<a href=""https://x.com/es7evam"">Estevam Arantes</a> with Microsoft'}",2025-10-31T07:00:59,October 2025 Security Updates,2025-11-15T18:34:29.910963
CVE-2025-55321,Azure Monitor Log Analytics Spoofing Vulnerability,,"<p><strong>Why are there no links to an update or instructions with steps that must be taken to protect from this vulnerability?</strong></p>
<p>This vulnerability has already been fully mitigated by Microsoft. There is no action for users of this service to take. The purpose of this CVE is to provide further transparency.</p>
<p>Please see <a href=""https://aka.ms/MSRC-Cloud-CVEs"">Toward greater transparency: Unveiling Cloud Service CVEs</a> for more information.</p>
",Critical,4,9.3,8.1,CVSS:3.1/AV:N/AC:L/PR:N/UI:R/S:C/C:H/I:H/A:N/E:U/RL:O/RC:C,exploitation_less_likely,Publicly Disclosed:No;Exploited:No;Latest Software Release:Exploitation Less Likely,Spoofing,,,0,,,Unknown,"{'Value': '<a href=""https://arnaud.sh/"">Arnaud PASCAL</a> with <a href=""https://vaadata.com/"">VAADATA</a>'}; {'Value': '<a href=""https://github.com/voljeans"">Thomas DELFINO</a> with <a href=""https://vaadata.com/"">VAADATA</a>'}",2025-10-31T07:00:59,October 2025 Security Updates,2025-11-15T18:34:29.910969
CVE-2025-59286,Copilot Spoofing Vulnerability,,"<p><strong>Why are there no links to an update or instructions with steps that must be taken to protect from this vulnerability?</strong></p>
<p>This vulnerability has already been fully mitigated by Microsoft. There is no action for users of this service to take. The purpose of this CVE is to provide further transparency.</p>
<p>Please see <a href=""https://aka.ms/MSRC-Cloud-CVEs"">Toward greater transparency: Unveiling Cloud Service CVEs</a> for more information.</p>
",Critical,4,6.5,5.7,CVSS:3.1/AV:N/AC:L/PR:N/UI:R/S:U/C:H/I:N/A:N/E:U/RL:O/RC:C,exploitation_less_likely,Publicly Disclosed:No;Exploited:No;Latest Software Release:Exploitation Less Likely,Spoofing,,,0,,,Unknown,"{'Value': '<a href=""https://x.com/es7evam"">Estevam Arantes</a> with Microsoft'}",2025-10-31T07:00:59,October 2025 Security Updates,2025-11-15T18:34:29.910974
CVE-2025-11756,Chromium: CVE-2025-11756 Use after free in Safe Browsing,,"<p><strong>Why is this Chrome CVE included in the Security Update Guide?</strong></p>
<p>The vulnerability assigned to this CVE is in Chromium Open Source Software (OSS) which is consumed by Microsoft Edge (Chromium-based). It is being documented in the Security Update Guide to announce that the latest version of Microsoft Edge (Chromium-based) is no longer vulnerable.</p>
<p><strong>How can I see the version of the browser?</strong></p>
<ol>
<li>In your Microsoft Edge browser, click on the 3 dots (...) on the very right-hand side of the window</li>
<li>Click on <strong>Help and Feedback</strong></li>
<li>Click on <strong>About Microsoft Edge</strong></li>
</ol>
",,0,0.0,0.0,,unknown,Unknown,,,,0,Release Notes,,No,,2025-10-31T07:00:59,October 2025 Security Updates,2025-11-15T18:34:29.910981
CVE-2025-59273,Azure Event Grid System Elevation of Privilege Vulnerability,,"<p><strong>Why are there no links to an update or instructions with steps that must be taken to protect from this vulnerability?</strong></p>
<p>This vulnerability has already been fully mitigated by Microsoft. There is no action for users of this service to take. The purpose of this CVE is to provide further transparency.</p>
<p>Please see <a href=""https://aka.ms/MSRC-Cloud-CVEs"">Toward greater transparency: Unveiling Cloud Service CVEs</a> for more information.</p>
",Critical,4,7.3,6.4,CVSS:3.1/AV:N/AC:L/PR:N/UI:N/S:U/C:L/I:L/A:L/E:U/RL:O/RC:C,unknown,Publicly Disclosed:No;Exploited:No;Latest Software Release:N/A,Elevation of Privilege,,,0,,,Unknown,"{'Value': '<a href=""https://www.linkedin.com/in/bobbracke/"">Bob Bracke</a> with <a href=""https://www.thecollective.eu/"">The Collective Consulting</a>'}",2025-10-31T07:00:59,October 2025 Security Updates,2025-11-15T18:34:29.910987
CVE-2025-59503,Azure Compute Resource Provider Elevation of Privilege Vulnerability,,"<p><strong>Why are there no links to an update or instructions with steps that must be taken to protect from this vulnerability?</strong></p>
<p>This vulnerability has already been fully mitigated by Microsoft. There is no action for users of this service to take. The purpose of this CVE is to provide further transparency.</p>
<p>Please see <a href=""https://aka.ms/MSRC-Cloud-CVEs"">Toward greater transparency: Unveiling Cloud Service CVEs</a> for more information.</p>
",Critical,4,10.0,8.7,CVSS:3.1/AV:N/AC:L/PR:N/UI:N/S:C/C:H/I:H/A:H/E:U/RL:O/RC:C,unknown,Publicly Disclosed:No;Exploited:No;Latest Software Release:N/A,Elevation of Privilege,,,0,,,Unknown,,2025-10-31T07:00:59,October 2025 Security Updates,2025-11-15T18:34:29.910993
CVE-2025-59500,Azure Notification Service Elevation of Privilege Vulnerability,,"<p><strong>Why are there no links to an update or instructions with steps that must be taken to protect from this vulnerability?</strong></p>
<p>This vulnerability has already been fully mitigated by Microsoft. There is no action for users of this service to take. The purpose of this CVE is to provide further transparency.</p>
<p>Please see <a href=""https://aka.ms/MSRC-Cloud-CVEs"">Toward greater transparency: Unveiling Cloud Service CVEs</a> for more information.</p>
",Critical,4,7.7,6.7,CVSS:3.1/AV:N/AC:L/PR:L/UI:N/S:C/C:N/I:H/A:N/E:U/RL:O/RC:C,unknown,Publicly Disclosed:No;Exploited:No;Latest Software Release:N/A,Elevation of Privilege,,,0,,,Unknown,{'Value': 'bountyplz'}; {'Value': 'bountyplz'},2025-10-31T07:00:59,October 2025 Security Updates,2025-11-15T18:34:29.910999
CVE-2025-59501,Microsoft Configuration Manager Spoofing Vulnerability,,"<p><strong>According to the CVSS score, the attack vector is adjacent (AV:A). What does this mean for this vulnerability?</strong></p>
<p>This attack is limited to systems connected to the same network segment as the attacker. The attack cannot be performed across multiple networks (for example, a WAN) and would be limited to systems on the same network switch or virtual network.</p>
",Important,3,4.8,4.2,CVSS:3.1/AV:A/AC:H/PR:L/UI:N/S:U/C:H/I:N/A:N/E:U/RL:O/RC:C,unknown,Publicly Disclosed:No;Exploited:No,Spoofing,,,0,Release Notes; Release Notes; Release Notes,,No,"{'Value': '<a href=""https://x.com/unsigned_sh0rt"">Garrett Foster</a> with <a href=""https://specterops.io/"">SpecterOps, Inc.</a>'}; {'Value': '<a href=""https://x.com/unsigned_sh0rt"">Garrett Foster</a> with <a href=""https://specterops.io/"">SpecterOps, Inc.</a>'}",2025-10-31T07:00:59,October 2025 Security Updates,2025-11-15T18:34:29.911008
CVE-2025-12036,Chromium: CVE-2025-12036 Inappropriate implementation in V8,,"<p><strong>Why is this Chrome CVE included in the Security Update Guide?</strong></p>
<p>The vulnerability assigned to this CVE is in Chromium Open Source Software (OSS) which is consumed by Microsoft Edge (Chromium-based). It is being documented in the Security Update Guide to announce that the latest version of Microsoft Edge (Chromium-based) is no longer vulnerable.</p>
<p><strong>How can I see the version of the browser?</strong></p>
<ol>
<li>In your Microsoft Edge browser, click on the 3 dots (...) on the very right-hand side of the window</li>
<li>Click on <strong>Help and Feedback</strong></li>
<li>Click on <strong>About Microsoft Edge</strong></li>
</ol>
",,0,0.0,0.0,,unknown,Unknown,,,,0,Release Notes,,No,,2025-10-31T07:00:59,October 2025 Security Updates,2025-11-15T18:34:29.911015
CVE-2025-60711,Microsoft Edge (Chromium-based) Remote Code Execution Vulnerability,,"<p><strong>According to the CVSS metrics, successful exploitation of this vulnerability could lead to minor loss of confidentiality (C:L), integrity (I:L) and availability (A:L). What does that mean for this vulnerability?</strong></p>
<p>While we cannot rule out the impact to Confidentiality, Integrity, and Availability, the ability to exploit this vulnerability by itself is limited. An attacker would need to combine this with other vulnerabilities to perform an attack.</p>
",Important,3,6.3,5.7,CVSS:3.1/AV:N/AC:L/PR:N/UI:R/S:U/C:L/I:L/A:L/E:P/RL:O/RC:C,exploitation_less_likely,Publicly Disclosed:No;Exploited:No;Latest Software Release:Exploitation Less Likely,Remote Code Execution,,,0,Release Notes,,No,{'Value': 'Eduardo Braun Prado working with Trend Zero Day Initiative'},2025-10-31T07:00:59,October 2025 Security Updates,2025-11-15T18:34:29.911024
CVE-2024-39508,io_uring/io-wq: Use set_bit() and test_bit() at worker->flags,,,Moderate,2,4.7,4.7,CVSS:3.1/AV:L/AC:H/PR:L/UI:N/S:U/C:N/I:N/A:H,unknown,Unknown,,,,0,,,Unknown,,2025-10-31T07:00:59,October 2025 Security Updates,2025-11-15T18:34:29.911029
CVE-2022-48816,SUNRPC: lock against ->sock changing during sysfs read,,,Moderate,2,4.7,4.7,CVSS:3.1/AV:L/AC:H/PR:L/UI:N/S:U/C:N/I:N/A:H,unknown,Unknown,,,,0,,,Unknown,,2025-10-31T07:00:59,October 2025 Security Updates,2025-11-15T18:34:29.911033
CVE-2024-42110,net: ntb_netdev: Move ntb_netdev_rx_handler() to call netif_rx() from __netif_rx(),,,Moderate,2,5.5,5.5,CVSS:3.1/AV:L/AC:L/PR:L/UI:N/S:U/C:N/I:N/A:H,unknown,Unknown,,,,0,,,Unknown,,2025-10-31T07:00:59,October 2025 Security Updates,2025-11-15T18:34:29.911038
CVE-2023-52888,media: mediatek: vcodec: Only free buffer VA that is not NULL,,,Moderate,2,5.5,5.5,CVSS:3.1/AV:L/AC:L/PR:L/UI:N/S:U/C:N/I:N/A:H,unknown,Unknown,,,,0,,,Unknown,,2025-10-31T07:00:59,October 2025 Security Updates,2025-11-15T18:34:29.911045
CVE-2024-41062,bluetooth/l2cap: sync sock recv cb and release,,,Moderate,2,5.5,5.5,CVSS:3.1/AV:L/AC:L/PR:L/UI:N/S:U/C:N/I:N/A:H,unknown,Unknown,,,,0,,,Unknown,,2025-10-31T07:00:59,October 2025 Security Updates,2025-11-15T18:34:29.911050
CVE-2024-41079,nvmet: always initialize cqe.result,,,Moderate,2,5.5,5.5,CVSS:3.1/AV:L/AC:L/PR:L/UI:N/S:U/C:H/I:N/A:N,unknown,Unknown,,,,0,,,Unknown,,2025-10-31T07:00:59,October 2025 Security Updates,2025-11-15T18:34:29.911055
CVE-2024-6484,"Rejected reason: This was not a security issue in Bootstrap. Bootstrap’s JavaScript is not intended to sanitize unsafe or intentionally dangerous HTML. As such, the reported behavior fell outside the scope of Bootstrap’s security model, and the associated CVE has been rescinded.",,,Unknown,0,0.0,0.0,,unknown,Unknown,,,,0,,,Unknown,,2025-10-31T07:00:59,October 2025 Security Updates,2025-11-15T18:34:29.911059
CVE-2024-42128,leds: an30259a: Use devm_mutex_init() for mutex initialization,,,Moderate,2,5.5,5.5,CVSS:3.1/AV:L/AC:L/PR:L/UI:N/S:U/C:N/I:N/A:H,unknown,Unknown,,,,0,,,Unknown,,2025-10-31T07:00:59,October 2025 Security Updates,2025-11-15T18:34:29.911064
CVE-2024-42129,leds: mlxreg: Use devm_mutex_init() for mutex initialization,,,Moderate,2,5.5,5.5,CVSS:3.1/AV:L/AC:L/PR:L/UI:N/S:U/C:N/I:N/A:H,unknown,Unknown,,,,0,,,Unknown,,2025-10-31T07:00:59,October 2025 Security Updates,2025-11-15T18:34:29.911068
CVE-2024-40966,tty: add the option to have a tty reject a new ldisc,,,Moderate,2,5.5,5.5,CVSS:3.1/AV:L/AC:L/PR:L/UI:N/S:U/C:N/I:N/A:H,unknown,Unknown,,,,0,,,Unknown,,2025-10-31T07:00:59,October 2025 Security Updates,2025-11-15T18:34:29.911075
CVE-2024-40989,KVM: arm64: Disassociate vcpus from redistributor region on teardown,,,Moderate,2,5.6,5.6,CVSS:3.1/AV:L/AC:L/PR:H/UI:N/S:U/C:L/I:L/A:H,unknown,Unknown,,,,0,,,Unknown,,2025-10-31T07:00:59,October 2025 Security Updates,2025-11-15T18:34:29.911082
CVE-2025-55247,.NET Elevation of Privilege Vulnerability,,"<p><strong>According to the CVSS metric, user interaction is required (UI:R) and privileges required is Low (PR:L). What does that mean for this vulnerability?</strong></p>
<p>An authenticated attacker could place a malicious file in the core project path and then wait for a user with admin privileges to create or build a .NET project to gain elevated privileges.</p>
",Important,3,7.3,6.4,CVSS:3.1/AV:L/AC:L/PR:L/UI:R/S:U/C:H/I:H/A:H/E:U/RL:O/RC:C,exploitation_less_likely,Publicly Disclosed:No;Exploited:No;Latest Software Release:Exploitation Less Likely,Elevation of Privilege,,,0,5068331; 5068332,,Maybe,,2025-10-31T07:00:59,October 2025 Security Updates,2025-11-15T18:34:29.911089
